Match ID,Map,Player,Team,Agent,2K,3K,4K,5K,1v1,1v2,1v3,1v4,1v5,ECON,PL,DE
459826,Split,Sayf,VIT,Tejo,5,0,0,0,0,1,0,0,0,78,1,0
459826,Split,Derke,VIT,Yoru,4,0,0,0,1,0,0,0,0,43,5,0
459826,Split,Less,VIT,Cypher,2,1,0,0,0,0,0,0,0,52,0,0
459826,Split,Kicks,VIT,Breach,1,0,0,1,0,0,0,1,0,46,3,0
459826,Split,CyvOph,VIT,Omen,3,2,0,0,0,1,0,0,0,59,0,0
459826,Split,purp0,GX,Yoru,1,0,0,0,0,0,0,0,0,37,1,0
459826,Split,Cloud,GX,Tejo,3,1,0,0,0,0,0,0,0,66,1,0
459826,Split,tomaszy,GX,Omen,1,0,0,0,0,0,0,0,0,21,0,0
459826,Split,runneR,GX,Breach,2,1,0,0,1,0,0,0,0,65,3,1
459826,Split,westside,GX,Cypher,2,5,0,0,0,0,0,0,0,67,1,0
459826,Lotus,Sayf,VIT,Tejo,0,0,0,0,0,0,0,0,0,42,3,0
459826,Lotus,Derke,VIT,Yoru,3,1,0,0,0,0,0,0,0,60,0,0
459826,Lotus,Less,VIT,Viper,1,1,1,0,0,0,0,0,0,72,1,0
459826,Lotus,Kicks,VIT,Breach,1,1,0,0,0,0,0,0,0,39,6,1
459826,Lotus,CyvOph,VIT,Omen,4,2,1,0,0,0,0,0,0,108,1,0
459826,Lotus,purp0,GX,Raze,1,0,0,1,0,0,0,0,0,63,0,0
459826,Lotus,Cloud,GX,Fade,2,0,0,0,1,0,0,0,0,44,1,1
459826,Lotus,tomaszy,GX,Omen,0,0,0,0,0,0,0,0,0,30,0,0
459826,Lotus,runneR,GX,Vyse,1,0,0,0,0,0,0,0,0,43,0,0
459826,Lotus,westside,GX,Viper,3,0,0,0,0,0,0,0,0,45,0,0
459827,Icebox,MAGNUM,BBL,Viper,0,0,1,0,0,0,0,0,0,23,2,0
459827,Icebox,PROFEK,BBL,Clove,0,0,0,0,0,0,0,0,0,26,0,0
459827,Icebox,sociablEE,BBL,Sova,0,0,0,0,0,0,0,0,0,37,0,0
459827,Icebox,Jamppi,BBL,Tejo,2,0,0,0,0,0,0,0,0,42,6,0
459827,Icebox,LewN,BBL,Chamber,3,0,0,0,0,0,0,0,0,66,0,0
459827,Icebox,saadhak,KC,Kayo,1,0,0,0,0,0,0,0,0,42,1,0
459827,Icebox,SUYGETSU,KC,Viper,1,0,0,0,0,0,0,0,0,71,0,2
459827,Icebox,Avez,KC,Tejo,1,2,1,0,0,0,0,0,0,70,2,0
459827,Icebox,marteen,KC,Omen,3,1,0,0,0,0,0,0,0,62,0,1
459827,Icebox,Elite,KC,Killjoy,4,3,0,0,0,0,0,0,0,180,0,2
459827,Pearl,MAGNUM,BBL,Vyse,8,0,0,0,0,0,0,0,0,65,3,0
459827,Pearl,PROFEK,BBL,Astra,5,0,0,0,1,0,0,0,0,53,1,1
459827,Pearl,sociablEE,BBL,Chamber,2,0,1,0,1,0,0,0,0,40,0,0
459827,Pearl,Jamppi,BBL,Sova,4,1,0,0,0,0,0,0,0,73,2,0
459827,Pearl,LewN,BBL,Yoru,2,2,0,0,0,0,0,0,0,61,0,0
459827,Pearl,saadhak,KC,Harbor,2,1,0,0,0,0,0,0,0,52,4,0
459827,Pearl,SUYGETSU,KC,Astra,4,1,1,0,0,0,0,0,0,55,0,0
459827,Pearl,Avez,KC,Fade,2,0,0,0,1,0,0,0,0,33,1,1
459827,Pearl,marteen,KC,Yoru,2,1,0,0,0,0,0,0,0,52,0,1
459827,Pearl,Elite,KC,Vyse,3,2,0,0,0,0,0,0,0,48,0,0
459827,Fracture,MAGNUM,BBL,Cypher,3,1,0,0,0,0,0,0,0,59,0,0
459827,Fracture,PROFEK,BBL,Astra,5,1,0,0,0,0,0,0,0,47,0,0
459827,Fracture,sociablEE,BBL,Tejo,6,0,0,0,2,0,0,0,0,62,0,2
459827,Fracture,Jamppi,BBL,Breach,3,0,0,0,0,0,0,0,0,35,5,0
459827,Fracture,LewN,BBL,Yoru,4,1,0,0,0,0,0,0,0,52,0,0
459827,Fracture,saadhak,KC,Breach,3,0,0,0,0,0,0,0,0,40,1,0
459827,Fracture,SUYGETSU,KC,Astra,3,1,0,0,0,0,0,0,0,68,1,0
459827,Fracture,Avez,KC,Tejo,3,0,0,0,0,0,0,0,0,55,5,2
459827,Fracture,marteen,KC,Jett,4,0,1,0,0,1,0,0,0,64,0,0
459827,Fracture,Elite,KC,Cypher,2,0,0,0,0,0,0,0,0,24,0,0
459828,Ascent,Boo,TH,Omen,1,1,0,0,0,1,0,0,0,51,2,0
459828,Ascent,RieNs,TH,Sova,3,0,0,0,0,0,0,0,0,53,2,0
459828,Ascent,MiniBoo,TH,Waylay,3,0,1,0,0,0,0,0,0,49,3,0
459828,Ascent,Wo0t,TH,Kayo,1,0,0,0,0,0,0,0,0,32,1,0
459828,Ascent,benjyfishy,TH,Cypher,4,0,0,0,0,0,0,0,0,37,1,0
459828,Ascent,MOLSI,APK,Deadlock,2,0,1,0,0,0,0,0,0,55,1,0
459828,Ascent,AvovA,APK,Omen,3,0,2,0,2,1,0,0,0,100,2,1
459828,Ascent,Governor,APK,Sova,3,1,0,0,0,1,0,0,0,62,2,1
459828,Ascent,florescent,APK,Yoru,2,2,0,0,0,0,0,0,0,52,1,1
459828,Ascent,batujnax,APK,Cypher,2,0,0,0,0,0,0,0,0,42,0,1
459828,Split,Boo,TH,Omen,2,0,0,0,0,0,0,0,0,34,3,0
459828,Split,RieNs,TH,Fade,4,1,0,0,0,0,0,0,0,60,1,0
459828,Split,MiniBoo,TH,Raze,4,2,1,0,0,0,0,0,0,59,0,1
459828,Split,Wo0t,TH,Iso,2,1,0,0,0,0,0,0,0,72,3,0
459828,Split,benjyfishy,TH,Viper,4,0,0,0,0,0,0,0,0,50,0,2
459828,Split,MOLSI,APK,Breach,3,0,0,0,0,0,0,0,0,51,4,0
459828,Split,AvovA,APK,Omen,0,3,0,0,0,0,1,0,0,68,3,0
459828,Split,Governor,APK,Tejo,3,0,0,0,0,0,0,0,0,32,1,0
459828,Split,florescent,APK,Yoru,2,1,1,0,0,0,0,0,0,47,0,0
459828,Split,batujnax,APK,Viper,2,1,0,0,0,0,0,0,0,52,1,0
459828,Icebox,Boo,TH,Viper,3,0,0,0,0,0,0,0,0,66,0,1
459828,Icebox,RieNs,TH,Sova,4,0,0,0,0,0,0,0,0,71,4,0
459828,Icebox,MiniBoo,TH,Neon,6,2,0,0,0,0,0,0,0,60,0,0
459828,Icebox,Wo0t,TH,Tejo,3,1,0,0,0,0,0,0,0,72,6,1
459828,Icebox,benjyfishy,TH,Vyse,3,0,0,0,0,0,0,0,0,72,0,0
459828,Icebox,MOLSI,APK,Breach,1,0,1,0,0,1,0,0,0,37,1,1
459828,Icebox,AvovA,APK,Viper,2,0,0,0,1,0,0,0,0,44,0,1
459828,Icebox,Governor,APK,Tejo,1,0,0,0,0,0,0,0,0,33,1,0
459828,Icebox,florescent,APK,Waylay,1,1,0,0,0,0,0,0,0,40,0,0
459828,Icebox,batujnax,APK,Killjoy,1,1,0,0,0,0,0,0,0,53,1,1
459829,Pearl,qRaxs,FUT,Fade,0,0,0,0,0,0,0,0,0,20,3,0
459829,Pearl,AtaKaptan,FUT,Astra,2,0,0,0,0,0,0,0,0,52,1,0
459829,Pearl,MrFaliN,FUT,Tejo,3,1,0,0,1,0,0,0,0,70,6,0
459829,Pearl,yetujey,FUT,Cypher,3,1,0,0,0,0,0,0,0,52,0,0
459829,Pearl,xeus,FUT,Yoru,3,4,0,0,1,0,0,0,0,103,0,2
459829,Pearl,soulcas,MKOI,Vyse,0,1,0,0,0,0,0,0,0,40,0,1
459829,Pearl,sheydos,MKOI,Chamber,2,0,0,0,0,0,0,0,0,43,0,0
459829,Pearl,flyuh,MKOI,Sova,2,0,0,0,0,0,0,0,0,62,1,1
459829,Pearl,Filu,MKOI,Yoru,3,1,0,0,0,0,0,0,0,48,0,0
459829,Pearl,grubinho,MKOI,Astra,1,0,1,0,0,0,0,0,0,28,1,0
459829,Lotus,qRaxs,FUT,Fade,3,0,0,0,0,0,0,0,0,33,3,1
459829,Lotus,AtaKaptan,FUT,Omen,3,0,0,0,0,0,0,0,0,44,0,0
459829,Lotus,MrFaliN,FUT,Breach,4,0,1,0,0,0,0,0,0,58,3,2
459829,Lotus,yetujey,FUT,Cypher,5,2,0,0,0,0,0,0,0,56,0,0
459829,Lotus,xeus,FUT,Jett,8,1,2,0,0,0,0,0,0,66,0,1
459829,Lotus,soulcas,MKOI,Vyse,1,1,0,0,0,0,0,0,0,42,1,0
459829,Lotus,sheydos,MKOI,Tejo,3,2,0,0,1,1,0,0,0,58,4,1
459829,Lotus,flyuh,MKOI,Cypher,3,0,0,0,0,0,0,0,0,37,0,1
459829,Lotus,Filu,MKOI,Yoru,3,2,0,0,1,0,0,0,0,37,0,1
459829,Lotus,grubinho,MKOI,Omen,5,0,0,0,1,0,0,0,0,40,2,0
459830,Split,crashies,FNC,Fade,4,1,1,0,1,0,0,0,0,99,4,0
459830,Split,Boaster,FNC,Astra,1,1,0,0,0,0,0,0,0,43,1,1
459830,Split,Chronicle,FNC,Viper,5,0,0,0,0,0,0,0,0,54,1,0
459830,Split,kaajak,FNC,Yoru,2,1,0,0,0,0,0,0,0,50,2,0
459830,Split,Alfajer,FNC,Raze,2,1,0,0,0,0,0,0,0,36,1,0
459830,Split,ANGE1,NAVI,Fade,0,0,0,0,1,0,0,0,0,24,0,1
459830,Split,Shao,NAVI,Astra,5,0,0,0,0,1,0,0,0,67,0,0
459830,Split,koalanoob,NAVI,Raze,2,1,0,0,0,0,0,0,0,71,1,0
459830,Split,Ruxic,NAVI,Omen,0,1,0,0,0,0,0,0,0,38,0,1
459830,Split,hiro,NAVI,Vyse,1,0,0,0,0,0,0,0,0,28,1,0
459830,Fracture,crashies,FNC,Tejo,3,0,2,0,0,0,0,0,0,67,3,0
459830,Fracture,Boaster,FNC,Brimstone,2,1,0,0,0,0,0,0,0,48,2,1
459830,Fracture,Chronicle,FNC,Breach,3,0,0,0,1,0,0,0,0,52,3,0
459830,Fracture,kaajak,FNC,Neon,5,0,0,0,0,0,0,0,0,35,1,0
459830,Fracture,Alfajer,FNC,Cypher,3,0,0,0,0,0,0,0,0,50,1,1
459830,Fracture,ANGE1,NAVI,Fade,0,1,0,0,0,0,0,0,0,36,3,0
459830,Fracture,Shao,NAVI,Breach,1,1,0,0,0,0,0,0,0,57,4,1
459830,Fracture,koalanoob,NAVI,Raze,6,2,0,0,0,0,0,0,0,52,0,0
459830,Fracture,Ruxic,NAVI,Brimstone,3,0,0,0,0,0,0,0,0,42,0,3
459830,Fracture,hiro,NAVI,Cypher,2,2,0,0,0,0,0,0,0,51,0,0
459831,Split,paTiTek,TL,Fade,1,2,0,0,0,0,0,0,0,66,1,0
459831,Split,nAts,TL,Viper,1,2,0,0,0,0,0,0,0,63,0,0
459831,Split,Keiko,TL,Raze,4,2,0,0,0,0,0,0,0,77,0,0
459831,Split,kamo,TL,Yoru,2,1,0,0,0,1,0,0,0,51,2,2
459831,Split,Serial,TL,Astra,0,0,0,0,0,0,0,0,0,46,2,0
459831,Split,Zyppan,M8,Tejo,2,0,0,0,0,0,0,0,0,56,1,0
459831,Split,kamyk,M8,Breach,1,0,0,0,0,0,0,0,0,32,3,0
459831,Split,Click,M8,Raze,1,0,0,0,0,0,0,0,0,25,0,0
459831,Split,Kada,M8,Omen,1,0,0,0,0,0,0,0,0,41,1,0
459831,Split,Minny,M8,Viper,1,1,2,0,1,0,0,0,0,66,0,1
459831,Haven,paTiTek,TL,Breach,4,1,0,0,0,0,0,0,0,47,2,0
459831,Haven,nAts,TL,Cypher,4,1,0,0,0,0,0,0,0,42,1,0
459831,Haven,Keiko,TL,Omen,7,0,0,0,0,0,0,0,0,59,2,0
459831,Haven,kamo,TL,Jett,3,1,0,0,1,0,0,0,0,47,1,0
459831,Haven,Serial,TL,Tejo,2,0,0,0,0,0,0,0,0,30,1,0
459831,Haven,Zyppan,M8,Sova,5,1,0,0,0,0,0,0,0,57,3,0
459831,Haven,kamyk,M8,Breach,6,1,0,0,0,0,0,0,0,56,3,0
459831,Haven,Click,M8,Neon,3,0,0,0,0,0,0,0,0,24,0,1
459831,Haven,Kada,M8,Omen,3,0,0,0,1,0,0,0,0,38,1,0
459831,Haven,Minny,M8,Cypher,5,2,0,0,0,1,0,0,0,83,1,1
459831,Icebox,paTiTek,TL,Tejo,1,0,0,0,0,0,0,0,0,35,2,0
459831,Icebox,nAts,TL,Viper,3,0,0,0,1,0,0,0,0,53,0,0
459831,Icebox,Keiko,TL,Omen,3,0,0,0,0,0,0,0,0,57,0,0
459831,Icebox,kamo,TL,Waylay,1,1,0,0,1,0,0,0,0,43,0,1
459831,Icebox,Serial,TL,Killjoy,4,0,0,0,0,0,0,0,0,69,2,0
459831,Icebox,Zyppan,M8,Tejo,2,2,0,0,0,0,0,0,0,79,1,0
459831,Icebox,kamyk,M8,Kayo,5,0,0,0,0,1,0,0,0,55,6,0
459831,Icebox,Click,M8,Waylay,4,1,0,0,0,0,0,0,0,43,1,0
459831,Icebox,Kada,M8,Viper,2,1,0,0,0,0,0,0,0,52,0,1
459831,Icebox,Minny,M8,Killjoy,2,2,0,0,0,0,0,0,0,53,1,1
459832,Fracture,paTiTek,TL,Breach,4,3,0,0,0,1,0,0,0,88,0,2
459832,Fracture,nAts,TL,Vyse,4,2,0,0,0,0,0,0,0,64,0,0
459832,Fracture,Keiko,TL,Brimstone,4,1,0,0,1,0,0,0,0,63,2,0
459832,Fracture,kamo,TL,Neon,1,0,0,0,0,0,0,0,0,28,0,0
459832,Fracture,Serial,TL,Tejo,3,1,0,0,1,0,0,0,0,54,2,0
459832,Fracture,MAGNUM,BBL,Cypher,2,0,0,0,0,0,0,0,0,49,0,0
459832,Fracture,PROFEK,BBL,Astra,3,1,0,0,0,0,0,0,0,65,0,0
459832,Fracture,sociablEE,BBL,Tejo,4,2,0,0,0,0,0,0,0,74,1,0
459832,Fracture,Jamppi,BBL,Breach,3,0,0,0,0,0,0,0,0,35,3,0
459832,Fracture,LewN,BBL,Yoru,4,0,0,0,0,0,0,0,0,36,1,0
459832,Haven,paTiTek,TL,Sova,1,0,0,0,0,0,0,0,0,30,4,0
459832,Haven,nAts,TL,Cypher,3,0,0,0,0,0,0,0,0,38,0,0
459832,Haven,Keiko,TL,Iso,4,1,0,0,0,0,0,0,0,63,1,0
459832,Haven,kamo,TL,Neon,3,1,0,0,0,0,0,0,0,43,1,0
459832,Haven,Serial,TL,Astra,1,0,0,0,0,0,0,0,0,25,2,0
459832,Haven,MAGNUM,BBL,Cypher,2,3,0,0,1,0,0,0,0,86,1,1
459832,Haven,PROFEK,BBL,Omen,2,1,0,0,0,0,0,0,0,68,0,0
459832,Haven,sociablEE,BBL,Sova,2,0,0,0,0,0,0,0,0,47,1,1
459832,Haven,Jamppi,BBL,Breach,3,1,1,0,0,0,0,0,0,70,3,1
459832,Haven,LewN,BBL,Jett,1,0,0,0,0,0,0,0,0,33,0,1
459832,Ascent,paTiTek,TL,Tejo,3,0,0,0,0,0,0,0,0,59,1,0
459832,Ascent,nAts,TL,Cypher,1,2,0,0,1,0,0,0,0,93,0,1
459832,Ascent,Keiko,TL,Omen,4,1,0,0,0,0,0,0,0,67,0,0
459832,Ascent,kamo,TL,Jett,4,0,1,0,0,0,0,0,0,85,0,0
459832,Ascent,Serial,TL,Deadlock,2,2,0,0,1,0,0,0,0,64,0,3
459832,Ascent,MAGNUM,BBL,Kayo,2,1,0,0,0,0,0,0,0,43,1,0
459832,Ascent,PROFEK,BBL,Astra,2,1,0,0,0,0,0,0,0,41,0,0
459832,Ascent,sociablEE,BBL,Fade,1,1,0,0,0,0,0,0,0,43,1,0
459832,Ascent,Jamppi,BBL,Tejo,0,2,0,0,0,0,0,0,0,43,2,0
459832,Ascent,LewN,BBL,Yoru,2,0,0,0,0,0,0,0,0,28,0,0
459833,Lotus,MOLSI,APK,Breach,4,2,0,0,0,0,0,0,0,66,6,2
459833,Lotus,AvovA,APK,Omen,2,1,0,0,0,0,0,0,0,44,3,1
459833,Lotus,Governor,APK,Tejo,6,0,0,0,0,0,0,0,0,52,2,0
459833,Lotus,florescent,APK,Yoru,4,3,0,0,0,0,0,0,0,61,0,0
459833,Lotus,batujnax,APK,Viper,1,2,0,0,0,0,0,0,0,47,0,2
459833,Lotus,ANGE1,NAVI,Fade,2,1,0,0,2,0,0,0,0,43,1,2
459833,Lotus,Shao,NAVI,Astra,3,1,0,0,0,0,0,0,0,66,3,0
459833,Lotus,koalanoob,NAVI,Chamber,3,0,0,0,1,0,0,0,0,43,2,1
459833,Lotus,Ruxic,NAVI,Omen,1,0,0,0,0,0,0,0,0,34,3,0
459833,Lotus,hiro,NAVI,Raze,4,3,0,0,0,0,0,0,0,73,1,1
459833,Haven,MOLSI,APK,Breach,2,0,0,0,0,0,0,0,0,40,2,0
459833,Haven,AvovA,APK,Omen,1,0,0,0,0,0,0,0,0,35,2,0
459833,Haven,Governor,APK,Sova,2,1,0,0,1,0,0,0,0,37,4,0
459833,Haven,florescent,APK,Neon,2,4,1,0,1,0,0,0,0,63,0,0
459833,Haven,batujnax,APK,Cypher,2,1,0,0,0,0,0,0,0,32,1,2
459833,Haven,ANGE1,NAVI,Vyse,2,0,0,0,0,0,0,0,0,42,3,0
459833,Haven,Shao,NAVI,Sova,3,2,0,0,0,0,0,0,0,69,4,2
459833,Haven,koalanoob,NAVI,Yoru,6,1,0,0,0,0,0,0,0,56,2,0
459833,Haven,Ruxic,NAVI,Omen,2,1,0,0,0,0,0,0,0,53,0,0
459833,Haven,hiro,NAVI,Cypher,2,4,0,0,0,0,0,0,0,55,1,0
459833,Split,MOLSI,APK,Breach,2,0,0,0,0,0,0,0,0,57,1,0
459833,Split,AvovA,APK,Omen,5,0,0,0,0,0,0,0,0,47,1,0
459833,Split,Governor,APK,Tejo,1,0,0,0,0,0,0,0,0,26,0,2
459833,Split,florescent,APK,Yoru,2,2,0,1,0,0,0,0,0,82,1,0
459833,Split,batujnax,APK,Viper,1,0,0,0,0,0,0,0,0,41,0,0
459833,Split,ANGE1,NAVI,Fade,0,0,1,0,0,0,0,0,0,36,4,0
459833,Split,Shao,NAVI,Astra,3,2,0,0,0,0,0,0,0,71,3,0
459833,Split,koalanoob,NAVI,Raze,1,1,0,0,0,0,0,0,0,47,0,0
459833,Split,Ruxic,NAVI,Omen,6,0,2,0,0,1,0,0,0,75,3,0
459833,Split,hiro,NAVI,Vyse,1,1,0,0,0,0,0,0,0,54,1,0
459834,Icebox,qRaxs,FUT,Kayo,1,0,1,0,1,0,0,0,0,44,2,2
459834,Icebox,AtaKaptan,FUT,Viper,1,0,0,0,0,0,0,0,0,38,1,0
459834,Icebox,MrFaliN,FUT,Sova,2,3,0,0,0,0,0,0,0,74,2,1
459834,Icebox,yetujey,FUT,Tejo,3,0,0,0,0,0,0,0,0,33,2,0
459834,Icebox,xeus,FUT,Jett,2,3,0,0,0,0,0,0,0,49,0,0
459834,Icebox,Zyppan,M8,Tejo,3,0,0,0,1,0,0,0,0,45,4,0
459834,Icebox,kamyk,M8,Kayo,7,1,0,0,0,0,0,0,0,69,3,1
459834,Icebox,Click,M8,Waylay,2,2,0,0,0,0,0,0,0,52,0,0
459834,Icebox,Kada,M8,Viper,3,1,0,0,0,0,0,0,0,72,1,0
459834,Icebox,Minny,M8,Killjoy,2,1,1,0,0,0,0,0,0,49,1,1
459834,Fracture,qRaxs,FUT,Kayo,1,2,1,0,0,1,1,0,0,36,5,2
459834,Fracture,AtaKaptan,FUT,Brimstone,4,2,0,0,2,1,0,0,0,46,4,0
459834,Fracture,MrFaliN,FUT,Breach,4,2,0,0,0,0,0,0,0,36,4,0
459834,Fracture,yetujey,FUT,Cypher,5,1,0,0,0,0,0,0,0,47,0,0
459834,Fracture,xeus,FUT,Neon,4,2,0,1,0,0,0,0,0,54,0,1
459834,Fracture,Zyppan,M8,Tejo,6,0,0,0,0,0,0,0,0,42,2,2
459834,Fracture,kamyk,M8,Breach,8,1,2,0,0,2,1,0,0,51,8,1
459834,Fracture,Click,M8,Neon,3,0,0,0,0,0,0,0,0,28,0,0
459834,Fracture,Kada,M8,Brimstone,5,1,0,0,1,0,0,0,0,43,0,2
459834,Fracture,Minny,M8,Cypher,6,2,0,0,1,0,0,0,0,43,0,0
459834,Lotus,qRaxs,FUT,Fade,4,2,0,0,0,1,0,0,0,88,5,0
459834,Lotus,AtaKaptan,FUT,Omen,2,0,1,0,0,1,0,0,0,61,0,1
459834,Lotus,MrFaliN,FUT,Breach,2,1,0,0,0,0,0,0,0,44,0,0
459834,Lotus,yetujey,FUT,Cypher,4,0,0,0,0,0,0,0,0,82,0,1
459834,Lotus,xeus,FUT,Jett,0,0,1,0,0,0,0,0,0,43,0,0
459834,Lotus,Zyppan,M8,Omen,1,0,0,0,0,0,0,0,0,32,2,0
459834,Lotus,kamyk,M8,Fade,1,0,1,0,0,0,0,0,0,46,0,0
459834,Lotus,Click,M8,Yoru,2,0,1,0,0,0,0,0,0,47,0,0
459834,Lotus,Kada,M8,Viper,0,0,0,0,0,1,0,0,0,40,1,0
459834,Lotus,Minny,M8,Vyse,1,1,0,0,0,0,0,0,0,51,3,0
459835,Haven,Boo,TH,Omen,2,0,0,0,1,0,0,0,0,59,3,0
459835,Haven,RieNs,TH,Sova,3,0,0,0,0,0,0,0,0,67,3,1
459835,Haven,MiniBoo,TH,Yoru,2,2,0,0,0,0,0,0,0,57,1,1
459835,Haven,Wo0t,TH,Iso,3,1,0,1,1,1,0,0,0,76,1,0
459835,Haven,benjyfishy,TH,Cypher,1,0,1,0,0,0,0,0,0,69,3,0
459835,Haven,purp0,GX,Iso,2,1,0,0,0,0,0,0,0,53,0,0
459835,Haven,Cloud,GX,Yoru,1,0,0,0,0,0,0,0,0,31,0,0
459835,Haven,tomaszy,GX,Omen,1,1,0,0,0,0,0,0,0,46,0,0
459835,Haven,runneR,GX,Tejo,2,1,0,0,1,0,0,0,0,62,2,2
459835,Haven,westside,GX,Cypher,2,0,0,0,0,0,0,0,0,29,0,0
459835,Split,Boo,TH,Omen,1,4,0,0,1,0,0,0,0,79,3,0
459835,Split,RieNs,TH,Fade,1,1,1,0,0,0,0,0,0,66,2,1
459835,Split,MiniBoo,TH,Raze,4,2,0,0,0,0,0,0,0,48,0,0
459835,Split,Wo0t,TH,Iso,3,0,2,0,0,0,0,0,0,60,0,0
459835,Split,benjyfishy,TH,Viper,2,1,0,0,0,0,0,0,0,44,0,1
459835,Split,purp0,GX,Omen,0,1,1,0,0,0,0,0,0,49,0,1
459835,Split,Cloud,GX,Tejo,6,0,0,0,0,0,0,0,0,53,1,1
459835,Split,tomaszy,GX,Yoru,1,1,1,0,0,0,0,0,0,36,0,1
459835,Split,runneR,GX,Breach,4,0,0,0,0,2,0,0,0,49,3,1
459835,Split,westside,GX,Cypher,5,0,1,0,0,0,0,1,0,48,0,0
459835,Lotus,Boo,TH,Omen,2,1,0,0,0,1,0,0,0,41,2,0
459835,Lotus,RieNs,TH,Breach,3,1,1,0,0,1,0,0,0,81,1,1
459835,Lotus,MiniBoo,TH,Neon,3,1,0,0,0,0,0,0,0,45,0,1
459835,Lotus,Wo0t,TH,Tejo,3,1,0,0,0,0,0,0,0,67,1,2
459835,Lotus,benjyfishy,TH,Vyse,4,2,0,0,0,0,0,0,0,60,0,0
459835,Lotus,purp0,GX,Omen,2,1,0,0,0,0,0,0,0,48,2,1
459835,Lotus,Cloud,GX,Fade,7,1,0,0,0,0,0,0,0,71,5,0
459835,Lotus,tomaszy,GX,Raze,3,2,0,0,0,0,1,0,0,54,0,0
459835,Lotus,runneR,GX,Vyse,2,0,0,0,0,0,0,0,0,41,1,0
459835,Lotus,westside,GX,Viper,1,0,0,0,0,0,0,0,0,33,0,0
459836,Split,Sayf,VIT,Tejo,6,1,0,0,0,0,0,0,0,35,1,1
459836,Split,Derke,VIT,Yoru,2,0,1,0,1,1,0,0,0,34,3,2
459836,Split,Less,VIT,Cypher,5,2,0,0,0,1,0,0,0,45,0,1
459836,Split,Kicks,VIT,Breach,5,0,1,0,0,0,0,0,0,42,6,1
459836,Split,CyvOph,VIT,Omen,2,0,0,0,0,0,0,0,0,32,0,0
459836,Split,crashies,FNC,Fade,4,1,0,0,1,0,0,0,0,36,4,0
459836,Split,Boaster,FNC,Astra,6,1,0,0,0,0,0,0,0,55,1,2
459836,Split,Chronicle,FNC,Viper,3,3,0,0,0,0,0,0,0,38,1,0
459836,Split,kaajak,FNC,Yoru,5,2,1,0,0,0,0,0,0,41,1,0
459836,Split,Alfajer,FNC,Raze,5,1,0,0,1,0,0,0,0,36,2,2
459836,Lotus,Sayf,VIT,Tejo,1,1,0,0,0,0,0,0,0,39,0,1
459836,Lotus,Derke,VIT,Yoru,2,0,0,0,0,0,0,0,0,45,0,1
459836,Lotus,Less,VIT,Viper,4,0,0,0,0,0,0,0,0,42,0,0
459836,Lotus,Kicks,VIT,Breach,2,0,0,0,1,0,0,0,0,46,3,1
459836,Lotus,CyvOph,VIT,Omen,2,1,0,0,0,0,0,0,0,48,0,0
459836,Lotus,crashies,FNC,Fade,1,2,0,0,2,0,0,0,0,49,4,0
459836,Lotus,Boaster,FNC,Omen,0,1,0,0,0,0,0,0,0,44,3,0
459836,Lotus,Chronicle,FNC,Viper,4,1,1,0,0,0,0,0,0,69,1,0
459836,Lotus,kaajak,FNC,Raze,1,2,0,0,0,0,0,0,0,43,2,1
459836,Lotus,Alfajer,FNC,Killjoy,1,0,1,0,0,0,0,0,0,46,1,0
459836,Haven,Sayf,VIT,Sova,1,2,0,0,0,0,0,0,0,48,5,1
459836,Haven,Derke,VIT,Yoru,2,0,0,0,0,0,0,0,0,29,3,0
459836,Haven,Less,VIT,Cypher,2,0,0,0,0,0,0,0,0,49,1,0
459836,Haven,Kicks,VIT,Omen,0,0,0,0,0,0,0,0,0,36,2,0
459836,Haven,CyvOph,VIT,Iso,5,2,0,0,0,0,0,0,0,74,0,0
459836,Haven,crashies,FNC,Sova,2,1,0,0,1,0,0,0,0,42,3,2
459836,Haven,Boaster,FNC,Omen,3,2,0,0,0,0,1,0,0,54,7,0
459836,Haven,Chronicle,FNC,Cypher,0,0,0,0,0,0,0,0,0,46,0,0
459836,Haven,kaajak,FNC,Yoru,4,1,0,0,0,0,0,0,0,59,0,0
459836,Haven,Alfajer,FNC,Iso,4,1,0,0,0,0,0,0,0,42,1,0
459837,Lotus,soulcas,MKOI,Vyse,1,0,0,0,0,0,0,0,0,45,0,0
459837,Lotus,sheydos,MKOI,Tejo,0,1,0,0,0,0,0,0,0,40,1,0
459837,Lotus,flyuh,MKOI,Cypher,0,0,0,0,0,0,0,0,0,31,0,0
459837,Lotus,Filu,MKOI,Yoru,2,0,0,0,0,0,0,0,0,36,0,0
459837,Lotus,grubinho,MKOI,Omen,0,0,0,0,0,0,0,0,0,20,0,0
459837,Lotus,saadhak,KC,Harbor,0,1,0,0,0,0,0,0,0,50,5,0
459837,Lotus,SUYGETSU,KC,Omen,0,1,0,0,0,0,0,0,0,60,1,0
459837,Lotus,Avez,KC,Fade,4,0,0,0,0,0,0,0,0,93,2,0
459837,Lotus,marteen,KC,Yoru,1,3,1,0,0,0,0,0,0,111,0,0
459837,Lotus,Elite,KC,Vyse,0,3,0,0,0,0,0,0,0,94,1,1
459837,Icebox,soulcas,MKOI,Tejo,3,0,1,0,1,0,0,0,0,40,1,2
459837,Icebox,sheydos,MKOI,Killjoy,0,0,0,1,0,0,0,0,0,33,3,0
459837,Icebox,flyuh,MKOI,Sova,6,1,0,0,1,0,0,0,0,67,5,0
459837,Icebox,Filu,MKOI,Iso,3,2,1,0,0,0,0,0,0,43,1,0
459837,Icebox,grubinho,MKOI,Viper,2,1,0,0,0,0,0,0,0,42,0,1
459837,Icebox,saadhak,KC,Kayo,1,2,0,0,1,0,0,0,0,47,5,0
459837,Icebox,SUYGETSU,KC,Viper,4,0,0,0,0,0,0,0,0,39,0,0
459837,Icebox,Avez,KC,Tejo,6,0,1,0,1,0,0,0,0,57,4,2
459837,Icebox,marteen,KC,Omen,1,0,0,0,0,0,0,0,0,42,1,1
459837,Icebox,Elite,KC,Killjoy,4,1,0,0,0,0,0,0,0,54,0,1
459839,Pearl,soulcas,MKOI,Tejo,2,2,0,0,0,0,0,0,0,46,1,1
459839,Pearl,sheydos,MKOI,Sova,2,3,0,0,0,0,0,0,0,64,1,3
459839,Pearl,flyuh,MKOI,Vyse,1,0,0,0,0,0,0,0,0,29,0,0
459839,Pearl,Filu,MKOI,Yoru,2,2,0,0,0,0,0,0,0,55,0,0
459839,Pearl,grubinho,MKOI,Astra,1,0,0,0,0,0,0,0,0,41,1,0
459839,Pearl,MAGNUM,BBL,Vyse,4,0,0,1,0,0,0,0,0,67,6,1
459839,Pearl,PROFEK,BBL,Astra,1,0,0,0,0,0,0,0,0,28,0,0
459839,Pearl,sociablEE,BBL,Chamber,3,0,0,0,0,1,0,0,0,54,0,0
459839,Pearl,Jamppi,BBL,Sova,3,2,0,0,1,1,0,0,0,56,5,1
459839,Pearl,LewN,BBL,Yoru,5,1,1,0,1,0,0,0,0,66,0,0
459839,Icebox,soulcas,MKOI,Tejo,3,1,0,0,1,0,1,0,0,61,2,1
459839,Icebox,sheydos,MKOI,Killjoy,0,1,0,0,1,0,0,0,0,45,1,0
459839,Icebox,flyuh,MKOI,Sova,2,0,1,0,0,0,0,0,0,50,2,0
459839,Icebox,Filu,MKOI,Iso,3,2,0,0,0,1,0,0,0,57,0,2
459839,Icebox,grubinho,MKOI,Viper,1,0,0,0,0,0,0,0,0,32,1,0
459839,Icebox,MAGNUM,BBL,Killjoy,2,1,0,0,0,0,0,0,0,41,2,0
459839,Icebox,PROFEK,BBL,Viper,4,1,0,0,0,0,0,0,0,61,0,0
459839,Icebox,sociablEE,BBL,Tejo,5,2,0,0,0,0,0,0,0,63,1,1
459839,Icebox,Jamppi,BBL,Kayo,1,2,0,0,0,0,0,0,0,35,4,0
459839,Icebox,LewN,BBL,Jett,5,3,0,0,0,0,0,0,0,72,2,0
459840,Fracture,ANGE1,NAVI,Fade,1,0,0,0,0,0,0,0,0,43,2,0
459840,Fracture,Shao,NAVI,Breach,2,1,0,0,1,0,0,0,0,35,2,1
459840,Fracture,koalanoob,NAVI,Raze,2,0,0,0,0,0,0,0,0,31,0,0
459840,Fracture,Ruxic,NAVI,Brimstone,4,1,1,0,1,0,0,0,0,71,1,0
459840,Fracture,hiro,NAVI,Cypher,3,1,0,0,1,0,1,0,0,48,0,2
459840,Fracture,purp0,GX,Brimstone,3,0,0,0,0,0,0,0,0,70,1,2
459840,Fracture,Cloud,GX,Tejo,3,0,0,0,0,0,0,0,0,62,1,0
459840,Fracture,tomaszy,GX,Neon,4,0,0,0,0,0,0,0,0,37,2,0
459840,Fracture,runneR,GX,Breach,3,1,0,0,1,0,0,0,0,57,5,1
459840,Fracture,westside,GX,Cypher,2,2,0,0,0,0,0,0,0,59,0,0
459840,Pearl,ANGE1,NAVI,Sova,1,1,1,0,0,0,0,0,0,60,3,0
459840,Pearl,Shao,NAVI,Tejo,1,0,1,0,0,2,0,0,0,59,4,0
459840,Pearl,koalanoob,NAVI,Yoru,0,1,1,0,0,0,0,0,0,41,0,0
459840,Pearl,Ruxic,NAVI,Astra,5,1,0,0,1,1,0,0,0,68,1,0
459840,Pearl,hiro,NAVI,Killjoy,5,3,0,0,0,0,1,0,0,64,2,0
459840,Pearl,purp0,GX,Astra,3,0,0,0,1,1,0,0,0,42,2,1
459840,Pearl,Cloud,GX,Sova,3,0,0,0,0,0,0,0,0,47,0,0
459840,Pearl,tomaszy,GX,Yoru,0,0,1,0,0,0,0,0,0,31,0,0
459840,Pearl,runneR,GX,Tejo,1,0,1,0,0,1,0,0,0,64,2,0
459840,Pearl,westside,GX,Vyse,6,1,0,0,0,0,0,0,0,58,0,0
459840,Split,ANGE1,NAVI,Fade,3,0,0,0,0,0,0,0,0,49,1,0
459840,Split,Shao,NAVI,Astra,1,0,0,0,0,0,0,0,0,35,0,0
459840,Split,koalanoob,NAVI,Raze,3,2,0,0,0,0,0,0,0,77,0,0
459840,Split,Ruxic,NAVI,Omen,0,0,1,0,0,0,0,0,0,59,0,1
459840,Split,hiro,NAVI,Vyse,6,1,1,0,0,0,0,0,0,179,0,0
459840,Split,purp0,GX,Omen,1,0,0,0,0,0,0,0,0,38,0,0
459840,Split,Cloud,GX,Tejo,2,0,0,0,0,0,0,0,0,42,0,0
459840,Split,tomaszy,GX,Yoru,1,0,0,0,0,0,0,0,0,37,0,0
459840,Split,runneR,GX,Breach,0,0,0,0,0,0,0,0,0,21,1,0
459840,Split,westside,GX,Cypher,0,1,0,0,0,0,0,0,0,43,0,0
459841,Lotus,paTiTek,TL,Tejo,1,0,0,0,0,0,0,0,0,46,1,2
459841,Lotus,nAts,TL,Cypher,3,1,0,0,0,0,0,0,0,64,0,0
459841,Lotus,Keiko,TL,Omen,0,1,0,0,1,0,0,0,0,61,1,2
459841,Lotus,kamo,TL,Waylay,3,3,1,0,0,0,0,0,0,123,0,0
459841,Lotus,Serial,TL,Deadlock,2,0,0,0,1,0,0,0,0,41,0,2
459841,Lotus,qRaxs,FUT,Fade,0,0,0,0,0,0,0,0,0,46,1,0
459841,Lotus,AtaKaptan,FUT,Omen,3,0,0,0,0,0,0,0,0,41,1,0
459841,Lotus,MrFaliN,FUT,Breach,2,0,0,0,0,0,0,0,0,46,5,0
459841,Lotus,yetujey,FUT,Cypher,0,0,0,0,0,0,0,0,0,8,0,0
459841,Lotus,xeus,FUT,Jett,2,0,0,0,0,0,0,0,0,43,0,0
459841,Split,paTiTek,TL,Fade,2,0,0,0,1,0,0,0,0,41,3,1
459841,Split,nAts,TL,Viper,3,1,0,0,0,0,0,0,0,63,2,0
459841,Split,Keiko,TL,Raze,5,1,0,0,0,0,0,0,0,46,1,0
459841,Split,kamo,TL,Yoru,2,3,0,0,0,0,0,0,0,60,0,1
459841,Split,Serial,TL,Astra,3,0,0,0,0,0,0,0,0,60,1,1
459841,Split,qRaxs,FUT,Raze,2,1,0,0,0,0,0,0,0,44,0,0
459841,Split,AtaKaptan,FUT,Omen,2,1,0,0,0,0,0,0,0,51,3,0
459841,Split,MrFaliN,FUT,Skye,2,0,0,0,0,0,0,0,0,39,2,1
459841,Split,yetujey,FUT,Viper,2,1,0,0,1,0,0,0,0,56,0,0
459841,Split,xeus,FUT,Chamber,4,1,0,0,0,0,0,0,0,58,0,0
459842,Haven,Sayf,VIT,Sova,5,0,0,0,0,1,0,0,0,55,5,0
459842,Haven,Derke,VIT,Yoru,2,3,0,0,0,0,0,0,0,48,4,0
459842,Haven,Less,VIT,Cypher,1,1,0,0,0,0,0,0,0,36,0,1
459842,Haven,Kicks,VIT,Omen,1,0,1,0,1,0,0,0,0,50,0,1
459842,Haven,CyvOph,VIT,Iso,4,0,0,0,0,0,0,0,0,34,0,0
459842,Haven,Boo,TH,Omen,4,0,0,0,0,1,0,0,0,41,2,0
459842,Haven,RieNs,TH,Sova,1,2,0,0,0,0,0,0,0,51,2,1
459842,Haven,MiniBoo,TH,Yoru,4,3,0,0,0,0,0,0,0,58,2,0
459842,Haven,Wo0t,TH,Iso,2,2,2,0,1,0,0,0,0,74,0,1
459842,Haven,benjyfishy,TH,Cypher,3,0,0,0,0,0,0,0,0,37,3,1
459842,Icebox,Sayf,VIT,Sova,2,0,0,0,0,0,0,0,0,45,0,1
459842,Icebox,Derke,VIT,Jett,1,2,0,0,0,0,0,0,0,47,2,3
459842,Icebox,Less,VIT,Viper,3,0,1,0,0,0,0,0,0,75,0,0
459842,Icebox,Kicks,VIT,Kayo,1,0,0,0,0,0,0,0,0,28,2,0
459842,Icebox,CyvOph,VIT,Killjoy,2,1,0,0,0,0,0,0,0,58,0,1
459842,Icebox,Boo,TH,Viper,0,0,0,0,0,0,0,0,0,34,1,2
459842,Icebox,RieNs,TH,Sova,1,1,0,0,1,0,0,0,0,47,2,1
459842,Icebox,MiniBoo,TH,Neon,3,3,0,0,1,0,0,0,0,80,2,0
459842,Icebox,Wo0t,TH,Tejo,4,2,0,0,0,0,0,0,0,68,6,0
459842,Icebox,benjyfishy,TH,Vyse,3,0,0,0,0,0,0,0,0,41,1,0
459843,Lotus,MOLSI,APK,Breach,0,1,0,0,0,0,0,0,0,43,4,1
459843,Lotus,AvovA,APK,Omen,2,0,0,0,0,1,0,0,0,42,0,1
459843,Lotus,Governor,APK,Tejo,3,0,0,0,0,0,0,0,0,48,0,0
459843,Lotus,florescent,APK,Yoru,0,0,0,0,0,0,0,0,0,37,1,0
459843,Lotus,batujnax,APK,Viper,4,1,0,0,0,0,0,0,0,74,0,0
459843,Lotus,crashies,FNC,Fade,5,1,0,0,0,0,0,0,0,68,4,1
459843,Lotus,Boaster,FNC,Omen,3,0,0,0,1,1,0,0,0,33,4,1
459843,Lotus,Chronicle,FNC,Viper,3,0,0,0,0,0,0,0,0,82,1,0
459843,Lotus,kaajak,FNC,Raze,6,1,0,0,0,0,0,0,0,61,2,1
459843,Lotus,Alfajer,FNC,Killjoy,2,1,0,0,0,0,0,0,0,49,0,0
459843,Split,MOLSI,APK,Viper,2,0,1,0,0,1,0,0,0,49,0,0
459843,Split,AvovA,APK,Astra,4,0,0,0,0,0,0,0,0,36,1,1
459843,Split,Governor,APK,Fade,3,0,0,0,1,0,0,0,0,33,5,0
459843,Split,florescent,APK,Raze,8,0,1,0,0,0,0,0,0,57,3,2
459843,Split,batujnax,APK,Yoru,7,0,0,0,0,0,0,0,0,45,4,0
459843,Split,crashies,FNC,Fade,2,0,0,0,0,1,0,0,0,26,5,1
459843,Split,Boaster,FNC,Astra,2,0,0,0,0,0,1,0,0,28,6,1
459843,Split,Chronicle,FNC,Viper,6,1,0,0,0,0,0,0,0,54,1,1
459843,Split,kaajak,FNC,Yoru,7,1,0,0,0,1,0,0,0,55,1,0
459843,Split,Alfajer,FNC,Raze,7,0,1,0,0,0,0,0,0,51,1,0
459844,Haven,saadhak,KC,Sova,1,1,0,0,0,0,0,0,0,52,4,1
459844,Haven,SUYGETSU,KC,Omen,5,0,0,0,0,1,0,0,0,56,2,0
459844,Haven,Avez,KC,Phoenix,5,2,0,0,0,0,0,0,0,54,1,2
459844,Haven,marteen,KC,Yoru,5,3,1,0,1,0,0,0,0,70,0,2
459844,Haven,Elite,KC,Cypher,2,0,0,0,0,0,0,0,0,21,0,0
459844,Haven,Zyppan,M8,Sova,6,0,0,0,0,1,0,0,0,40,4,0
459844,Haven,kamyk,M8,Breach,4,2,1,0,0,0,0,0,0,68,3,0
459844,Haven,Click,M8,Neon,4,0,0,0,0,0,0,0,0,40,0,0
459844,Haven,Kada,M8,Omen,2,0,0,0,0,0,0,0,0,32,2,0
459844,Haven,Minny,M8,Cypher,2,1,0,0,0,0,1,0,0,49,1,1
459844,Pearl,saadhak,KC,Harbor,1,1,0,0,0,0,0,0,0,60,1,0
459844,Pearl,SUYGETSU,KC,Astra,4,0,0,0,0,0,0,0,0,72,0,0
459844,Pearl,Avez,KC,Fade,3,1,0,0,0,0,0,0,0,83,1,1
459844,Pearl,marteen,KC,Yoru,2,3,0,0,0,1,0,0,0,58,0,2
459844,Pearl,Elite,KC,Vyse,2,2,0,0,0,0,0,0,0,60,1,0
459844,Pearl,Zyppan,M8,Sova,2,0,0,0,0,0,0,0,0,33,2,0
459844,Pearl,kamyk,M8,Tejo,1,0,0,0,0,0,0,0,0,24,0,0
459844,Pearl,Click,M8,Yoru,2,1,1,0,1,0,0,0,0,65,0,0
459844,Pearl,Kada,M8,Astra,2,0,0,0,0,0,0,0,0,39,1,0
459844,Pearl,Minny,M8,Killjoy,0,0,0,0,0,0,0,0,0,19,2,0
459845,Ascent,Sayf,VIT,Tejo,6,0,0,0,0,0,0,0,0,76,0,1
459845,Ascent,Derke,VIT,Yoru,2,1,0,0,1,0,0,0,0,59,0,1
459845,Ascent,Less,VIT,Cypher,1,0,1,0,0,0,0,0,0,54,0,0
459845,Ascent,Kicks,VIT,Kayo,4,2,1,0,1,0,0,0,0,71,3,1
459845,Ascent,CyvOph,VIT,Omen,1,1,0,0,1,0,0,0,0,61,1,1
459845,Ascent,MOLSI,APK,Deadlock,3,1,0,0,0,0,0,0,0,58,2,1
459845,Ascent,AvovA,APK,Omen,2,0,0,0,1,0,0,0,0,51,2,0
459845,Ascent,Governor,APK,Sova,2,0,0,0,1,0,0,0,0,39,1,1
459845,Ascent,florescent,APK,Yoru,2,0,0,0,0,0,0,0,0,48,0,0
459845,Ascent,batujnax,APK,Cypher,3,0,0,0,0,0,0,0,0,51,0,0
459845,Lotus,Sayf,VIT,Tejo,0,0,0,0,0,0,1,0,0,29,0,0
459845,Lotus,Derke,VIT,Neon,1,2,1,0,0,0,0,0,0,51,0,0
459845,Lotus,Less,VIT,Viper,5,0,0,0,0,0,0,0,0,66,1,0
459845,Lotus,Kicks,VIT,Breach,3,1,1,0,0,1,0,0,0,66,8,2
459845,Lotus,CyvOph,VIT,Omen,4,1,1,0,0,0,0,0,0,50,1,0
459845,Lotus,MOLSI,APK,Breach,4,3,0,0,0,0,0,0,0,80,6,0
459845,Lotus,AvovA,APK,Omen,2,0,0,0,1,0,0,0,0,27,2,0
459845,Lotus,Governor,APK,Tejo,1,0,0,0,1,0,0,0,0,34,3,0
459845,Lotus,florescent,APK,Yoru,3,1,0,0,1,0,0,0,0,36,0,1
459845,Lotus,batujnax,APK,Viper,6,0,1,0,0,0,0,0,0,58,0,0
459846,Lotus,paTiTek,TL,Tejo,2,0,0,0,0,0,0,0,0,23,3,0
459846,Lotus,nAts,TL,Cypher,2,0,1,0,2,0,0,0,0,53,2,2
459846,Lotus,Keiko,TL,Omen,6,1,0,0,0,0,0,0,0,64,0,0
459846,Lotus,kamo,TL,Waylay,4,0,0,0,0,0,0,0,0,40,0,1
459846,Lotus,Serial,TL,Deadlock,1,0,1,0,0,0,0,0,0,33,2,0
459846,Lotus,soulcas,MKOI,Killjoy,3,1,1,0,0,0,0,0,0,67,1,0
459846,Lotus,sheydos,MKOI,Fade,4,0,0,0,0,1,0,0,0,55,3,1
459846,Lotus,flyuh,MKOI,Viper,2,0,0,0,0,0,0,0,0,44,0,0
459846,Lotus,Filu,MKOI,Raze,4,1,0,0,0,0,0,0,0,49,0,0
459846,Lotus,grubinho,MKOI,Omen,2,0,0,0,0,0,0,0,0,39,4,0
459846,Split,paTiTek,TL,Fade,3,1,0,0,0,0,0,0,0,50,6,0
459846,Split,nAts,TL,Viper,6,1,0,0,0,0,0,0,0,58,0,0
459846,Split,Keiko,TL,Raze,2,2,0,0,1,0,0,0,0,61,1,0
459846,Split,kamo,TL,Yoru,2,1,1,0,1,2,0,0,0,76,2,3
459846,Split,Serial,TL,Astra,2,1,0,0,0,0,0,0,0,41,1,0
459846,Split,soulcas,MKOI,Tejo,3,1,0,0,1,0,0,0,0,62,0,0
459846,Split,sheydos,MKOI,Breach,3,0,1,0,1,0,0,0,0,68,1,2
459846,Split,flyuh,MKOI,Viper,2,1,0,0,0,0,0,0,0,59,0,0
459846,Split,Filu,MKOI,Yoru,2,0,0,0,0,0,0,0,0,36,1,0
459846,Split,grubinho,MKOI,Omen,1,0,0,0,0,0,0,0,0,32,2,0
459847,Lotus,Zyppan,M8,Tejo,1,0,0,0,0,0,0,0,0,24,2,1
459847,Lotus,kamyk,M8,Breach,1,1,1,0,0,0,0,0,0,80,4,0
459847,Lotus,Click,M8,Yoru,1,2,0,0,1,0,0,0,0,53,1,0
459847,Lotus,Kada,M8,Omen,5,1,1,0,0,0,0,0,0,64,0,0
459847,Lotus,Minny,M8,Viper,3,1,0,0,0,0,0,0,0,51,1,0
459847,Lotus,MAGNUM,BBL,Cypher,0,2,0,0,0,0,0,0,0,26,1,0
459847,Lotus,PROFEK,BBL,Omen,2,0,0,0,0,0,0,0,0,37,1,0
459847,Lotus,sociablEE,BBL,Tejo,3,1,0,0,0,0,0,0,0,42,1,0
459847,Lotus,Jamppi,BBL,Breach,3,1,1,0,1,0,0,0,0,49,5,0
459847,Lotus,LewN,BBL,Jett,2,1,1,1,0,1,0,0,0,60,1,1
459847,Haven,Zyppan,M8,Sova,1,0,0,0,0,0,0,0,0,23,2,0
459847,Haven,kamyk,M8,Breach,1,0,0,0,0,0,0,0,0,32,4,0
459847,Haven,Click,M8,Jett,2,0,0,0,0,0,0,0,0,47,0,0
459847,Haven,Kada,M8,Omen,1,1,0,0,0,0,0,0,0,45,1,0
459847,Haven,Minny,M8,Cypher,2,1,0,0,0,0,0,0,0,47,0,0
459847,Haven,MAGNUM,BBL,Cypher,3,0,0,0,1,0,0,0,0,75,0,1
459847,Haven,PROFEK,BBL,Omen,2,0,0,0,0,0,0,0,0,37,0,0
459847,Haven,sociablEE,BBL,Sova,7,3,0,0,0,1,0,0,0,145,2,2
459847,Haven,Jamppi,BBL,Breach,2,1,0,0,1,0,0,0,0,58,1,2
459847,Haven,LewN,BBL,Jett,3,0,0,0,0,0,0,0,0,56,0,0
459848,Ascent,purp0,GX,Omen,2,0,0,0,0,0,0,0,0,43,2,0
459848,Ascent,Cloud,GX,Sova,5,0,0,0,0,0,0,0,0,53,3,0
459848,Ascent,Flickless,GX,Kayo,3,2,0,0,0,0,0,0,0,54,5,0
459848,Ascent,ara,GX,Jett,4,2,0,0,0,0,0,0,0,60,0,0
459848,Ascent,westside,GX,Cypher,2,0,0,0,0,0,0,0,0,53,0,0
459848,Ascent,crashies,FNC,Tejo,2,0,0,0,0,0,0,0,0,28,4,0
459848,Ascent,Boaster,FNC,Omen,3,0,0,1,0,1,0,0,0,58,0,0
459848,Ascent,Chronicle,FNC,Sova,1,0,0,0,0,0,0,0,0,55,1,1
459848,Ascent,kaajak,FNC,Yoru,2,2,0,0,0,0,0,0,0,53,0,2
459848,Ascent,Alfajer,FNC,Vyse,1,2,0,0,0,0,0,0,0,55,0,0
459848,Lotus,purp0,GX,Omen,2,0,0,0,0,0,0,0,0,44,0,0
459848,Lotus,Cloud,GX,Tejo,0,1,0,0,0,0,0,0,0,31,5,0
459848,Lotus,Flickless,GX,Breach,1,0,0,0,0,0,0,0,0,36,4,0
459848,Lotus,ara,GX,Neon,4,0,0,0,0,0,0,0,0,52,0,0
459848,Lotus,westside,GX,Vyse,4,1,0,0,0,0,0,0,0,56,0,0
459848,Lotus,crashies,FNC,Fade,3,1,0,0,0,0,0,0,0,86,0,3
459848,Lotus,Boaster,FNC,Omen,4,0,0,0,0,1,1,0,0,84,4,1
459848,Lotus,Chronicle,FNC,Viper,1,1,0,0,0,0,0,0,0,43,0,1
459848,Lotus,kaajak,FNC,Raze,5,1,0,0,0,0,0,0,0,66,0,1
459848,Lotus,Alfajer,FNC,Killjoy,2,2,0,0,0,0,0,0,0,55,0,0
459848,Haven,purp0,GX,Omen,2,0,0,0,1,0,0,0,0,36,2,0
459848,Haven,Cloud,GX,Tejo,4,2,0,0,0,0,0,0,0,65,0,0
459848,Haven,Flickless,GX,Breach,2,2,0,0,0,1,0,0,0,59,5,2
459848,Haven,ara,GX,Jett,1,0,0,0,0,0,0,0,0,31,0,0
459848,Haven,westside,GX,Cypher,2,0,0,0,0,0,0,0,0,40,0,0
459848,Haven,crashies,FNC,Sova,5,1,1,0,0,0,0,0,0,77,5,1
459848,Haven,Boaster,FNC,Omen,2,0,0,0,0,0,0,0,0,48,1,1
459848,Haven,Chronicle,FNC,Cypher,2,0,0,0,1,0,0,0,0,48,1,0
459848,Haven,kaajak,FNC,Yoru,5,1,0,0,0,1,0,0,0,52,0,0
459848,Haven,Alfajer,FNC,Iso,5,2,0,0,0,0,0,0,0,64,1,0
459849,Pearl,saadhak,KC,Harbor,4,1,0,0,0,1,0,0,0,42,4,2
459849,Pearl,SUYGETSU,KC,Astra,7,0,0,0,0,0,0,0,0,50,1,0
459849,Pearl,Avez,KC,Fade,5,1,0,0,0,0,0,0,0,54,1,0
459849,Pearl,marteen,KC,Yoru,2,5,0,0,0,1,0,0,0,62,3,0
459849,Pearl,Elite,KC,Vyse,0,2,0,0,1,0,0,0,0,37,1,0
459849,Pearl,qRaxs,FUT,Fade,2,1,0,0,0,0,0,0,0,40,1,1
459849,Pearl,AtaKaptan,FUT,Astra,5,2,1,0,0,0,1,0,0,54,0,0
459849,Pearl,MrFaliN,FUT,Tejo,0,0,1,1,0,1,0,0,0,48,7,1
459849,Pearl,yetujey,FUT,Cypher,2,0,1,0,0,0,0,0,0,40,0,0
459849,Pearl,xeus,FUT,Yoru,3,0,0,0,0,0,0,0,0,26,0,1
459849,Lotus,saadhak,KC,Harbor,1,1,1,0,0,0,0,0,0,53,4,0
459849,Lotus,SUYGETSU,KC,Omen,3,0,0,0,0,0,0,0,0,54,1,0
459849,Lotus,Avez,KC,Fade,0,1,0,0,0,0,0,0,0,37,3,0
459849,Lotus,marteen,KC,Yoru,3,2,0,0,1,0,0,0,0,60,1,0
459849,Lotus,Elite,KC,Vyse,1,0,0,0,0,0,0,0,0,24,1,0
459849,Lotus,qRaxs,FUT,Fade,2,0,0,0,1,0,0,0,0,45,3,4
459849,Lotus,AtaKaptan,FUT,Omen,4,0,0,0,0,0,0,0,0,61,1,0
459849,Lotus,MrFaliN,FUT,Breach,2,1,0,0,2,0,1,0,0,68,1,1
459849,Lotus,yetujey,FUT,Cypher,2,0,1,0,0,0,0,0,0,48,0,0
459849,Lotus,xeus,FUT,Waylay,2,2,2,0,0,0,0,0,0,91,1,0
459849,Ascent,saadhak,KC,Sova,4,0,0,0,1,0,0,0,0,43,4,0
459849,Ascent,SUYGETSU,KC,Omen,4,3,0,0,1,0,0,0,0,90,1,1
459849,Ascent,Avez,KC,Raze,3,1,0,0,0,0,0,0,0,42,1,1
459849,Ascent,marteen,KC,Jett,4,0,0,0,0,0,0,0,0,44,0,1
459849,Ascent,Elite,KC,Deadlock,2,0,0,0,0,0,0,0,0,21,0,0
459849,Ascent,qRaxs,FUT,Kayo,2,0,1,0,0,0,0,0,0,45,2,0
459849,Ascent,AtaKaptan,FUT,Omen,2,0,0,0,0,0,0,0,0,37,1,0
459849,Ascent,MrFaliN,FUT,Sova,4,0,0,0,0,0,0,0,0,66,3,0
459849,Ascent,yetujey,FUT,Killjoy,1,2,0,0,1,0,0,0,0,37,0,2
459849,Ascent,xeus,FUT,Jett,5,4,0,0,0,0,0,0,0,71,1,1
459850,Haven,ANGE1,NAVI,Vyse,3,0,0,0,0,0,0,0,0,54,4,0
459850,Haven,Shao,NAVI,Sova,1,0,0,0,0,0,0,0,0,49,5,0
459850,Haven,koalanoob,NAVI,Yoru,2,0,1,0,0,0,0,0,0,34,1,0
459850,Haven,Ruxic,NAVI,Omen,0,0,0,0,1,0,0,0,0,39,0,1
459850,Haven,hiro,NAVI,Cypher,0,0,0,0,0,0,0,0,0,22,1,0
459850,Haven,Boo,TH,Omen,3,0,0,0,0,0,0,0,0,46,2,0
459850,Haven,RieNs,TH,Sova,2,1,1,0,0,0,0,0,0,61,0,2
459850,Haven,MiniBoo,TH,Yoru,3,3,0,0,0,0,0,0,0,64,1,2
459850,Haven,Wo0t,TH,Iso,2,3,0,0,0,0,0,0,0,76,0,1
459850,Haven,benjyfishy,TH,Cypher,4,0,0,0,0,1,0,0,0,47,0,4
459850,Pearl,ANGE1,NAVI,Sova,3,0,0,0,1,0,0,0,0,37,1,0
459850,Pearl,Shao,NAVI,Tejo,2,4,1,0,0,0,0,0,0,85,2,0
459850,Pearl,koalanoob,NAVI,Yoru,4,0,0,0,0,0,0,0,0,33,0,1
459850,Pearl,Ruxic,NAVI,Astra,1,1,0,0,0,0,0,0,0,40,3,0
459850,Pearl,hiro,NAVI,Killjoy,0,1,0,0,0,0,0,0,0,37,0,0
459850,Pearl,Boo,TH,Astra,3,0,0,0,1,0,0,0,0,44,2,0
459850,Pearl,RieNs,TH,Sova,1,0,1,0,0,0,0,0,0,56,4,1
459850,Pearl,MiniBoo,TH,Yoru,3,1,0,1,1,0,0,0,0,60,1,1
459850,Pearl,Wo0t,TH,Jett,5,0,0,0,0,0,0,0,0,47,0,0
459850,Pearl,benjyfishy,TH,Cypher,3,1,0,0,0,1,0,0,0,54,3,0
459852,Ascent,MAGNUM,BBL,Fade,6,2,0,0,1,1,0,0,0,38,4,0
459852,Ascent,PROFEK,BBL,Omen,6,3,0,0,1,0,0,0,0,38,4,1
459852,Ascent,sociablEE,BBL,Tejo,11,1,0,0,0,0,0,0,0,40,6,0
459852,Ascent,Jamppi,BBL,Kayo,2,0,0,0,1,0,0,0,0,24,3,2
459852,Ascent,LewN,BBL,Jett,9,2,2,0,1,0,0,0,0,49,0,1
459852,Ascent,qRaxs,FUT,Kayo,6,4,0,0,3,0,1,0,0,40,4,3
459852,Ascent,AtaKaptan,FUT,Omen,4,1,1,0,0,1,0,0,0,38,3,0
459852,Ascent,MrFaliN,FUT,Sova,4,4,1,0,0,1,0,0,0,54,7,0
459852,Ascent,yetujey,FUT,Killjoy,4,2,3,0,0,0,1,0,0,42,2,0
459852,Ascent,xeus,FUT,Jett,3,1,0,0,0,0,0,0,0,24,0,0
459852,Icebox,MAGNUM,BBL,Killjoy,4,1,0,0,0,0,0,0,0,54,0,1
459852,Icebox,PROFEK,BBL,Viper,2,2,0,0,0,0,0,0,0,56,0,0
459852,Icebox,sociablEE,BBL,Tejo,3,1,0,0,1,0,0,0,0,67,5,0
459852,Icebox,Jamppi,BBL,Kayo,5,1,0,0,0,0,0,0,0,46,4,2
459852,Icebox,LewN,BBL,Jett,5,0,1,0,0,0,0,0,0,53,0,0
459852,Icebox,qRaxs,FUT,Kayo,2,2,0,0,1,1,0,0,0,54,1,2
459852,Icebox,AtaKaptan,FUT,Viper,3,1,0,0,0,0,0,0,0,40,0,0
459852,Icebox,MrFaliN,FUT,Tejo,1,1,0,0,0,0,0,0,0,33,6,0
459852,Icebox,yetujey,FUT,Deadlock,7,1,1,0,2,0,0,0,0,77,1,1
459852,Icebox,xeus,FUT,Waylay,3,0,0,0,0,0,0,0,0,37,0,0
459853,Lotus,Cloud,GX,Tejo,4,0,1,0,0,0,0,0,0,64,3,0
459853,Lotus,Flickless,GX,Breach,3,0,0,0,0,0,0,0,0,58,3,0
459853,Lotus,ara,GX,Neon,1,4,0,0,0,0,0,0,0,55,0,0
459853,Lotus,runneR,GX,Omen,3,1,0,0,0,0,0,0,0,42,1,0
459853,Lotus,westside,GX,Vyse,2,2,1,0,0,1,0,0,0,73,0,0
459853,Lotus,MOLSI,APK,Breach,3,0,0,0,0,0,0,0,0,44,2,0
459853,Lotus,AvovA,APK,Omen,2,0,0,0,0,0,0,0,0,40,1,0
459853,Lotus,Governor,APK,Tejo,1,1,0,0,0,0,0,0,0,47,2,0
459853,Lotus,florescent,APK,Yoru,4,2,0,0,0,0,0,0,0,63,0,0
459853,Lotus,batujnax,APK,Viper,1,0,0,0,0,1,0,0,0,33,1,0
459853,Ascent,Cloud,GX,Sova,3,2,0,0,0,0,0,0,0,76,3,0
459853,Ascent,Flickless,GX,Kayo,2,0,0,0,0,0,0,0,0,42,5,0
459853,Ascent,ara,GX,Jett,4,1,0,0,0,0,0,0,0,70,0,0
459853,Ascent,runneR,GX,Omen,5,1,0,0,3,0,0,0,0,73,0,1
459853,Ascent,westside,GX,Cypher,2,2,0,0,1,0,0,0,0,43,1,0
459853,Ascent,MOLSI,APK,Deadlock,5,0,0,0,1,0,0,0,0,49,3,0
459853,Ascent,AvovA,APK,Omen,2,0,0,0,0,0,0,0,0,43,1,0
459853,Ascent,Governor,APK,Sova,1,0,0,0,0,0,0,0,0,32,2,0
459853,Ascent,florescent,APK,Yoru,3,2,2,0,0,0,0,0,0,71,0,0
459853,Ascent,batujnax,APK,Cypher,0,0,0,0,0,0,0,0,0,32,0,0
459854,Split,Zyppan,M8,Tejo,2,1,0,0,0,0,0,0,0,50,3,0
459854,Split,kamyk,M8,Breach,2,1,0,1,0,0,0,0,0,59,4,1
459854,Split,Click,M8,Yoru,0,0,1,0,0,0,0,0,0,26,0,0
459854,Split,Kada,M8,Omen,2,0,1,0,0,0,0,0,0,40,1,0
459854,Split,Minny,M8,Viper,4,1,0,0,0,1,0,0,0,81,0,1
459854,Split,soulcas,MKOI,Tejo,4,0,0,0,0,0,0,0,0,50,1,0
459854,Split,sheydos,MKOI,Breach,2,0,0,0,0,0,0,0,0,34,4,0
459854,Split,flyuh,MKOI,Viper,4,2,0,0,0,0,0,0,0,61,0,1
459854,Split,Filu,MKOI,Yoru,4,0,0,0,0,0,0,0,0,39,1,0
459854,Split,grubinho,MKOI,Omen,2,2,0,0,0,1,0,0,0,50,0,0
459854,Icebox,Zyppan,M8,Tejo,1,0,0,0,0,0,0,0,0,39,2,0
459854,Icebox,kamyk,M8,Kayo,2,1,0,0,0,0,0,0,0,47,3,0
459854,Icebox,Click,M8,Waylay,3,0,0,0,0,0,0,0,0,46,1,0
459854,Icebox,Kada,M8,Viper,1,1,0,0,0,0,0,0,0,55,1,0
459854,Icebox,Minny,M8,Killjoy,2,0,0,0,0,0,0,0,0,40,0,0
459854,Icebox,soulcas,MKOI,Tejo,5,1,0,0,0,0,0,0,0,72,1,1
459854,Icebox,sheydos,MKOI,Killjoy,2,1,0,0,0,0,0,0,0,65,2,0
459854,Icebox,flyuh,MKOI,Sova,2,0,0,0,0,0,0,0,0,38,1,0
459854,Icebox,Filu,MKOI,Jett,6,0,0,0,0,0,0,0,0,63,1,0
459854,Icebox,grubinho,MKOI,Viper,2,1,0,0,0,1,0,0,0,64,1,1
459854,Fracture,Zyppan,M8,Tejo,3,0,0,0,0,0,0,0,0,54,2,1
459854,Fracture,kamyk,M8,Breach,3,1,0,0,0,0,0,0,0,52,3,1
459854,Fracture,Click,M8,Waylay,4,3,0,0,1,0,0,0,0,63,0,0
459854,Fracture,Kada,M8,Brimstone,3,0,0,0,0,0,0,0,0,28,0,0
459854,Fracture,Minny,M8,Cypher,1,0,1,0,0,0,0,0,0,54,0,1
459854,Fracture,soulcas,MKOI,Tejo,4,1,0,0,0,1,0,0,0,69,1,0
459854,Fracture,sheydos,MKOI,Breach,2,1,0,0,0,0,0,0,0,41,5,1
459854,Fracture,flyuh,MKOI,Cypher,0,1,1,0,0,0,0,0,0,60,0,0
459854,Fracture,Filu,MKOI,Raze,2,0,1,0,0,1,0,0,0,47,0,3
459854,Fracture,grubinho,MKOI,Brimstone,8,0,0,0,0,0,0,0,0,58,0,0
459855,Haven,Sayf,VIT,Tejo,2,1,0,0,0,0,1,0,0,42,2,0
459855,Haven,Derke,VIT,Neon,2,2,1,0,0,0,0,0,0,77,1,1
459855,Haven,Less,VIT,Cypher,3,0,0,0,1,0,1,0,0,46,0,0
459855,Haven,Kicks,VIT,Breach,0,0,0,0,0,0,0,0,0,27,3,0
459855,Haven,CyvOph,VIT,Omen,3,0,0,0,0,0,0,0,0,54,1,0
459855,Haven,ANGE1,NAVI,Vyse,3,0,0,0,0,0,0,0,0,46,4,0
459855,Haven,Shao,NAVI,Sova,2,0,0,0,2,0,0,0,0,51,1,1
459855,Haven,koalanoob,NAVI,Yoru,3,1,0,0,0,1,0,0,0,48,0,1
459855,Haven,Ruxic,NAVI,Omen,3,3,1,0,0,0,0,0,0,88,0,1
459855,Haven,hiro,NAVI,Cypher,2,1,0,0,0,0,0,0,0,47,0,0
459855,Icebox,Sayf,VIT,Tejo,0,1,1,0,0,0,0,0,0,53,2,1
459855,Icebox,Derke,VIT,Jett,4,0,0,0,0,0,0,0,0,42,0,1
459855,Icebox,Less,VIT,Viper,1,2,0,0,0,0,0,0,0,38,0,0
459855,Icebox,Kicks,VIT,Kayo,3,1,0,0,1,0,0,0,0,45,7,1
459855,Icebox,CyvOph,VIT,Killjoy,2,0,0,0,0,0,0,0,0,50,0,0
459855,Icebox,ANGE1,NAVI,Tejo,3,0,0,0,0,0,0,0,0,43,0,0
459855,Icebox,Shao,NAVI,Gekko,4,0,0,0,0,0,0,0,0,44,8,0
459855,Icebox,koalanoob,NAVI,Omen,5,2,0,0,0,0,0,0,0,66,2,0
459855,Icebox,Ruxic,NAVI,Viper,4,0,0,0,0,0,0,0,0,41,1,1
459855,Icebox,hiro,NAVI,Killjoy,2,1,0,0,0,0,0,0,0,53,0,1
459856,Icebox,paTiTek,TL,Kayo,0,1,0,0,0,0,0,0,0,40,2,0
459856,Icebox,nAts,TL,Viper,2,2,1,0,0,0,0,0,0,90,0,0
459856,Icebox,Keiko,TL,Jett,2,0,0,0,0,0,0,0,0,32,0,0
459856,Icebox,kamo,TL,Gekko,0,1,1,0,0,0,0,0,0,46,6,0
459856,Icebox,Serial,TL,Killjoy,3,0,0,0,0,0,0,0,0,39,0,1
459856,Icebox,saadhak,KC,Kayo,3,0,0,0,0,0,0,0,0,45,5,0
459856,Icebox,SUYGETSU,KC,Viper,3,0,1,0,0,0,0,0,0,56,1,0
459856,Icebox,Avez,KC,Tejo,2,0,0,0,0,0,0,0,0,39,1,0
459856,Icebox,marteen,KC,Omen,4,4,0,0,0,0,0,0,0,68,1,0
459856,Icebox,Elite,KC,Killjoy,5,0,0,0,1,0,0,0,0,60,1,1
459856,Lotus,paTiTek,TL,Tejo,3,0,0,0,0,0,0,0,0,52,4,0
459856,Lotus,nAts,TL,Cypher,2,0,0,0,0,0,0,0,0,46,1,0
459856,Lotus,Keiko,TL,Omen,4,0,1,0,0,0,0,0,0,91,1,0
459856,Lotus,kamo,TL,Waylay,3,1,0,0,0,0,0,0,0,56,0,0
459856,Lotus,Serial,TL,Deadlock,3,0,0,0,0,0,0,0,0,48,3,1
459856,Lotus,saadhak,KC,Harbor,2,0,0,0,0,0,0,0,0,43,1,0
459856,Lotus,SUYGETSU,KC,Omen,1,1,0,0,1,0,0,0,0,41,0,0
459856,Lotus,Avez,KC,Fade,2,1,0,0,1,0,0,0,0,60,2,1
459856,Lotus,marteen,KC,Yoru,0,2,1,0,0,0,0,0,0,65,0,0
459856,Lotus,Elite,KC,Vyse,0,0,0,0,0,0,0,0,0,45,1,0
459857,Lotus,crashies,FNC,Fade,2,4,0,0,0,1,0,0,0,54,4,0
459857,Lotus,Boaster,FNC,Omen,1,0,0,0,0,0,0,0,0,26,1,1
459857,Lotus,Chronicle,FNC,Viper,2,1,0,0,0,0,0,0,0,50,0,0
459857,Lotus,kaajak,FNC,Raze,5,1,0,0,0,0,0,0,0,81,0,1
459857,Lotus,Alfajer,FNC,Killjoy,1,1,1,0,1,0,0,0,0,48,1,1
459857,Lotus,Boo,TH,Omen,2,2,0,0,0,0,0,0,0,56,2,0
459857,Lotus,RieNs,TH,Breach,4,2,0,0,1,0,1,0,0,58,4,1
459857,Lotus,MiniBoo,TH,Neon,2,0,1,0,0,0,0,0,0,64,0,1
459857,Lotus,Wo0t,TH,Tejo,0,0,1,0,0,0,0,0,0,44,2,0
459857,Lotus,benjyfishy,TH,Vyse,1,0,0,0,0,0,0,0,0,31,0,1
459857,Haven,crashies,FNC,Sova,4,0,0,0,1,0,0,0,0,56,1,1
459857,Haven,Boaster,FNC,Omen,1,0,0,0,0,0,0,0,0,33,2,1
459857,Haven,Chronicle,FNC,Cypher,0,1,0,0,0,0,0,0,0,68,0,0
459857,Haven,kaajak,FNC,Yoru,3,0,0,1,0,0,0,0,0,68,0,0
459857,Haven,Alfajer,FNC,Iso,0,0,0,0,0,0,0,0,0,23,1,0
459857,Haven,Boo,TH,Omen,1,0,0,0,0,1,0,0,0,52,4,0
459857,Haven,RieNs,TH,Sova,0,1,0,0,0,0,0,0,0,57,3,1
459857,Haven,MiniBoo,TH,Yoru,5,1,0,0,0,0,0,0,0,79,2,2
459857,Haven,Wo0t,TH,Iso,3,1,0,0,0,0,0,0,0,54,1,0
459857,Haven,benjyfishy,TH,Cypher,1,1,1,0,0,0,0,0,0,70,0,0
482503,Lotus,MAGNUM,BBL,Cypher,3,1,0,0,1,0,0,0,0,46,0,1
482503,Lotus,PROFEK,BBL,Omen,2,0,0,0,0,0,0,0,0,30,1,0
482503,Lotus,sociablEE,BBL,Tejo,3,1,2,0,0,0,1,0,0,65,2,0
482503,Lotus,Jamppi,BBL,Breach,4,1,0,0,0,0,0,0,0,47,8,1
482503,Lotus,LewN,BBL,Jett,2,2,0,0,1,0,0,0,0,57,0,1
482503,Lotus,ANGE1,NAVI,Deadlock,1,0,0,0,0,0,0,0,0,30,2,0
482503,Lotus,Shao,NAVI,Tejo,1,3,0,0,3,0,0,0,0,86,3,3
482503,Lotus,koalanoob,NAVI,Raze,2,3,0,0,0,0,0,0,0,56,1,0
482503,Lotus,Ruxic,NAVI,Omen,3,1,0,0,0,0,0,0,0,53,1,0
482503,Lotus,hiro,NAVI,Cypher,1,0,0,0,0,0,0,0,0,27,0,0
482503,Fracture,MAGNUM,BBL,Cypher,3,1,1,0,0,0,0,0,0,55,1,0
482503,Fracture,PROFEK,BBL,Brimstone,4,1,0,0,0,0,0,0,0,55,1,1
482503,Fracture,sociablEE,BBL,Tejo,6,0,0,0,0,1,0,0,0,79,1,1
482503,Fracture,Jamppi,BBL,Breach,2,0,0,0,0,1,0,0,0,47,4,1
482503,Fracture,LewN,BBL,Jett,3,0,0,0,0,0,0,0,0,44,1,0
482503,Fracture,ANGE1,NAVI,Fade,1,1,0,0,0,0,0,0,0,29,0,0
482503,Fracture,Shao,NAVI,Breach,1,1,0,0,0,0,0,0,0,31,7,0
482503,Fracture,koalanoob,NAVI,Raze,3,0,1,0,0,0,0,0,0,49,0,0
482503,Fracture,Ruxic,NAVI,Brimstone,4,1,0,0,0,1,0,0,0,55,2,1
482503,Fracture,hiro,NAVI,Cypher,2,3,0,0,1,0,0,0,0,71,0,0
482504,Lotus,crashies,FNC,Fade,3,0,0,0,0,0,0,0,0,45,7,3
482504,Lotus,Boaster,FNC,Omen,2,0,0,0,0,1,0,0,0,49,2,0
482504,Lotus,Chronicle,FNC,Viper,5,1,0,0,0,0,0,0,0,77,0,0
482504,Lotus,kaajak,FNC,Raze,4,2,0,0,0,0,0,0,0,52,0,0
482504,Lotus,Alfajer,FNC,Killjoy,3,1,0,0,0,1,0,0,0,57,1,0
482504,Lotus,qRaxs,FUT,Fade,4,0,0,0,1,0,0,0,0,42,2,0
482504,Lotus,AtaKaptan,FUT,Omen,1,1,0,0,0,0,0,0,0,49,1,0
482504,Lotus,MrFaliN,FUT,Breach,3,1,0,0,0,0,0,0,0,60,1,0
482504,Lotus,yetujey,FUT,Cypher,1,1,0,0,0,0,0,0,0,28,0,1
482504,Lotus,xeus,FUT,Waylay,0,1,0,0,0,0,0,0,0,34,0,0
482504,Split,crashies,FNC,Fade,2,2,0,0,0,0,0,0,0,56,2,0
482504,Split,Boaster,FNC,Astra,3,0,0,0,0,0,0,0,0,36,0,0
482504,Split,Chronicle,FNC,Viper,1,1,1,0,0,0,0,0,0,52,0,0
482504,Split,kaajak,FNC,Yoru,2,0,0,0,0,0,0,0,0,45,3,1
482504,Split,Alfajer,FNC,Raze,5,0,1,0,0,0,0,0,0,106,0,1
482504,Split,qRaxs,FUT,Fade,1,0,0,0,0,0,0,0,0,40,1,0
482504,Split,AtaKaptan,FUT,Omen,1,0,0,0,0,0,0,0,0,35,2,0
482504,Split,MrFaliN,FUT,Tejo,1,0,0,0,0,0,0,0,0,19,2,0
482504,Split,yetujey,FUT,Viper,3,0,0,0,0,0,0,0,0,53,0,1
482504,Split,xeus,FUT,Yoru,2,2,1,0,0,0,0,0,0,59,1,0
482505,Icebox,ANGE1,NAVI,Tejo,2,2,0,0,0,0,0,0,0,47,2,1
482505,Icebox,Shao,NAVI,Gekko,4,0,0,0,0,0,0,0,0,53,8,0
482505,Icebox,koalanoob,NAVI,Omen,7,0,0,0,1,0,0,0,0,36,0,1
482505,Icebox,Ruxic,NAVI,Viper,5,0,0,0,0,0,0,0,0,46,1,0
482505,Icebox,hiro,NAVI,Killjoy,6,1,0,0,0,0,1,0,0,59,0,1
482505,Icebox,saadhak,KC,Kayo,1,0,1,0,1,0,0,0,0,63,7,0
482505,Icebox,SUYGETSU,KC,Viper,2,0,1,0,1,0,0,0,0,55,1,0
482505,Icebox,Avez,KC,Tejo,1,2,0,0,0,0,0,0,0,39,3,1
482505,Icebox,marteen,KC,Omen,4,3,0,0,1,1,0,0,0,52,0,2
482505,Icebox,Elite,KC,Killjoy,5,0,0,0,1,0,0,0,0,46,1,0
482505,Split,ANGE1,NAVI,Fade,2,0,0,0,0,0,0,0,0,36,2,1
482505,Split,Shao,NAVI,Astra,2,2,1,0,1,0,0,0,0,73,1,0
482505,Split,koalanoob,NAVI,Raze,2,1,0,0,0,0,0,0,0,40,1,0
482505,Split,Ruxic,NAVI,Omen,8,1,0,0,0,0,0,0,0,66,3,0
482505,Split,hiro,NAVI,Vyse,0,1,1,0,0,0,1,0,0,47,2,0
482505,Split,saadhak,KC,Fade,2,0,0,0,1,0,0,0,0,45,6,0
482505,Split,SUYGETSU,KC,Omen,1,0,1,0,0,0,0,0,0,47,1,0
482505,Split,Avez,KC,Raze,3,1,0,0,0,0,0,0,0,63,1,0
482505,Split,marteen,KC,Yoru,3,2,0,0,0,1,0,0,0,45,0,0
482505,Split,Elite,KC,Viper,3,2,0,0,1,1,0,0,0,55,1,0
482505,Ascent,ANGE1,NAVI,Deadlock,1,0,0,0,0,0,0,0,0,30,1,0
482505,Ascent,Shao,NAVI,Tejo,2,1,0,0,0,0,0,0,0,50,4,1
482505,Ascent,koalanoob,NAVI,Yoru,2,2,0,0,0,0,0,0,0,47,1,0
482505,Ascent,Ruxic,NAVI,Omen,5,0,0,0,0,0,0,0,0,51,0,0
482505,Ascent,hiro,NAVI,Cypher,4,1,1,0,0,0,0,0,0,68,1,1
482505,Ascent,saadhak,KC,Sova,3,1,0,0,0,0,0,0,0,36,2,0
482505,Ascent,SUYGETSU,KC,Omen,3,1,0,0,0,0,0,0,0,54,0,0
482505,Ascent,Avez,KC,Kayo,2,2,0,0,0,0,0,0,0,54,2,1
482505,Ascent,marteen,KC,Jett,4,0,0,0,0,0,0,0,0,55,1,0
482505,Ascent,Elite,KC,Cypher,1,2,0,0,0,1,0,0,0,62,3,0
482506,Fracture,qRaxs,FUT,Kayo,2,0,1,0,0,0,0,0,0,55,1,0
482506,Fracture,AtaKaptan,FUT,Brimstone,6,0,0,0,1,0,0,0,0,88,4,2
482506,Fracture,MrFaliN,FUT,Breach,0,0,0,0,0,0,0,0,0,41,2,0
482506,Fracture,yetujey,FUT,Cypher,5,0,0,0,0,0,0,0,0,66,0,0
482506,Fracture,xeus,FUT,Neon,2,1,1,0,0,0,0,0,0,39,0,0
482506,Fracture,Sayf,VIT,Tejo,0,0,0,0,0,0,0,0,0,19,2,0
482506,Fracture,Derke,VIT,Neon,4,0,0,0,0,0,0,0,0,54,0,0
482506,Fracture,Less,VIT,Cypher,1,2,0,0,0,0,0,0,0,61,0,0
482506,Fracture,Kicks,VIT,Breach,1,0,0,0,0,0,0,0,0,33,5,0
482506,Fracture,CyvOph,VIT,Brimstone,2,3,0,0,0,0,0,0,0,78,1,0
482506,Split,qRaxs,FUT,Fade,1,1,0,0,0,0,0,0,0,33,2,1
482506,Split,AtaKaptan,FUT,Omen,5,0,0,0,2,0,0,0,0,77,0,1
482506,Split,MrFaliN,FUT,Tejo,1,0,0,0,0,0,0,0,0,35,2,2
482506,Split,yetujey,FUT,Viper,5,0,0,0,0,0,0,0,0,88,0,1
482506,Split,xeus,FUT,Yoru,1,2,1,0,0,0,0,0,0,73,1,0
482506,Split,Sayf,VIT,Yoru,2,1,0,0,0,0,0,0,0,34,1,0
482506,Split,Derke,VIT,Raze,3,1,0,0,0,0,0,0,0,49,3,0
482506,Split,Less,VIT,Viper,3,0,0,0,1,0,0,0,0,37,0,0
482506,Split,Kicks,VIT,Fade,1,0,1,0,0,0,0,0,0,33,2,1
482506,Split,CyvOph,VIT,Omen,1,1,0,0,0,0,0,0,0,47,2,0
482507,Ascent,Boo,TH,Omen,1,0,0,0,1,0,0,0,0,41,1,1
482507,Ascent,RieNs,TH,Sova,4,1,0,0,0,0,1,0,0,64,2,0
482507,Ascent,MiniBoo,TH,Yoru,4,1,0,0,0,0,0,0,0,42,0,1
482507,Ascent,Wo0t,TH,Jett,4,1,0,0,0,0,0,0,0,47,0,0
482507,Ascent,benjyfishy,TH,Cypher,6,0,0,0,0,0,0,0,0,62,1,1
482507,Ascent,MAGNUM,BBL,Fade,1,0,0,0,0,0,0,0,0,38,0,0
482507,Ascent,PROFEK,BBL,Omen,3,2,1,0,0,0,0,0,0,65,0,0
482507,Ascent,sociablEE,BBL,Tejo,3,1,0,0,0,0,0,0,0,59,3,0
482507,Ascent,Jamppi,BBL,Kayo,1,1,0,0,0,0,0,0,0,64,3,0
482507,Ascent,LewN,BBL,Jett,2,0,2,0,0,0,0,0,0,43,0,0
482507,Icebox,Boo,TH,Viper,3,0,0,0,0,0,0,0,0,45,1,0
482507,Icebox,RieNs,TH,Gekko,4,1,0,0,1,0,0,0,0,54,7,2
482507,Icebox,MiniBoo,TH,Neon,2,1,0,0,1,0,0,0,0,33,1,1
482507,Icebox,Wo0t,TH,Tejo,1,2,0,0,0,0,0,0,0,47,0,1
482507,Icebox,benjyfishy,TH,Killjoy,4,1,1,0,1,1,0,0,0,73,0,0
482507,Icebox,MAGNUM,BBL,Killjoy,2,1,0,0,0,0,0,0,0,37,0,1
482507,Icebox,PROFEK,BBL,Viper,3,0,2,0,0,0,0,0,0,45,1,0
482507,Icebox,sociablEE,BBL,Tejo,6,0,0,0,1,0,0,0,0,52,1,1
482507,Icebox,Jamppi,BBL,Kayo,5,0,0,0,0,0,0,0,0,43,7,1
482507,Icebox,LewN,BBL,Jett,5,3,0,0,1,0,0,0,0,73,1,0
482508,Split,paTiTek,TL,Fade,1,0,0,0,0,0,0,0,0,32,2,0
482508,Split,nAts,TL,Viper,4,0,1,0,0,0,0,0,0,66,0,0
482508,Split,Keiko,TL,Raze,3,1,0,0,0,0,0,0,0,44,0,0
482508,Split,kamo,TL,Yoru,2,0,1,0,0,0,0,0,0,49,0,0
482508,Split,Serial,TL,Astra,0,0,0,0,0,0,0,0,0,39,2,1
482508,Split,crashies,FNC,Fade,2,0,1,0,0,1,0,0,0,54,2,0
482508,Split,Boaster,FNC,Astra,3,0,0,0,0,0,0,0,0,32,2,0
482508,Split,Chronicle,FNC,Viper,5,1,0,0,0,0,0,0,0,76,0,0
482508,Split,kaajak,FNC,Yoru,2,1,0,0,0,0,0,0,0,41,1,1
482508,Split,Alfajer,FNC,Raze,4,1,0,0,0,0,0,0,0,49,1,0
482508,Icebox,paTiTek,TL,Kayo,3,0,0,0,0,0,0,0,0,45,1,0
482508,Icebox,nAts,TL,Viper,4,2,0,0,1,1,0,0,0,65,2,1
482508,Icebox,Keiko,TL,Jett,5,1,0,0,0,0,0,0,0,60,1,1
482508,Icebox,kamo,TL,Gekko,6,1,0,0,0,0,0,0,0,56,6,0
482508,Icebox,Serial,TL,Killjoy,4,0,0,0,0,0,0,0,0,48,0,0
482508,Icebox,crashies,FNC,Tejo,3,2,0,0,1,1,0,0,0,63,0,1
482508,Icebox,Boaster,FNC,Viper,3,0,0,0,0,0,0,0,0,55,2,0
482508,Icebox,Chronicle,FNC,Gekko,3,0,0,0,0,0,0,0,0,39,3,2
482508,Icebox,kaajak,FNC,Sage,5,2,0,0,0,1,0,0,0,68,2,0
482508,Icebox,Alfajer,FNC,Killjoy,4,1,0,0,0,0,0,0,0,41,0,0
482508,Fracture,paTiTek,TL,Breach,1,2,0,0,0,0,0,0,0,55,4,0
482508,Fracture,nAts,TL,Vyse,3,1,0,0,0,0,0,0,0,40,0,0
482508,Fracture,Keiko,TL,Brimstone,2,0,0,0,0,1,0,0,0,45,0,0
482508,Fracture,kamo,TL,Neon,6,2,0,0,0,0,0,0,0,59,0,1
482508,Fracture,Serial,TL,Tejo,1,1,0,0,0,0,0,0,0,32,6,1
482508,Fracture,crashies,FNC,Tejo,2,1,1,0,1,0,0,0,0,53,3,1
482508,Fracture,Boaster,FNC,Brimstone,2,0,0,0,1,0,0,0,0,33,3,0
482508,Fracture,Chronicle,FNC,Breach,8,1,0,0,0,0,0,0,0,65,1,0
482508,Fracture,kaajak,FNC,Neon,3,2,0,0,0,0,0,0,0,53,0,1
482508,Fracture,Alfajer,FNC,Cypher,6,0,1,0,1,1,0,0,0,43,0,0
482510,Split,MAGNUM,BBL,Cypher,0,0,0,0,0,0,0,0,0,58,0,0
482510,Split,PROFEK,BBL,Omen,1,1,0,1,0,0,0,0,0,73,0,0
482510,Split,sociablEE,BBL,Tejo,3,1,0,1,0,0,0,0,0,106,0,0
482510,Split,Jamppi,BBL,Breach,5,0,0,0,1,0,0,0,0,85,3,1
482510,Split,LewN,BBL,Raze,1,1,0,0,0,0,0,0,0,54,0,0
482510,Split,qRaxs,FUT,Fade,1,0,0,0,0,0,0,0,0,21,0,0
482510,Split,AtaKaptan,FUT,Omen,2,0,0,0,0,0,0,0,0,48,0,0
482510,Split,MrFaliN,FUT,Tejo,2,0,0,0,0,0,0,0,0,41,1,0
482510,Split,yetujey,FUT,Viper,1,0,0,0,0,0,0,0,0,35,1,0
482510,Split,xeus,FUT,Yoru,0,1,0,0,0,0,0,0,0,44,1,0
482510,Ascent,MAGNUM,BBL,Fade,3,0,0,0,0,0,0,0,0,44,0,1
482510,Ascent,PROFEK,BBL,Omen,5,2,0,0,0,0,0,0,0,64,1,1
482510,Ascent,sociablEE,BBL,Tejo,2,1,0,0,0,0,0,0,0,54,0,1
482510,Ascent,Jamppi,BBL,Kayo,2,0,0,0,0,0,0,0,0,29,5,0
482510,Ascent,LewN,BBL,Jett,4,0,0,0,0,0,0,0,0,66,1,0
482510,Ascent,qRaxs,FUT,Kayo,3,0,0,0,0,0,0,0,0,49,2,0
482510,Ascent,AtaKaptan,FUT,Omen,1,1,0,0,0,0,0,0,0,43,1,0
482510,Ascent,MrFaliN,FUT,Sova,5,1,0,0,0,0,0,0,0,57,4,1
482510,Ascent,yetujey,FUT,Killjoy,4,0,0,0,0,0,0,0,0,67,1,0
482510,Ascent,xeus,FUT,Yoru,3,2,0,0,0,0,0,0,0,40,0,0
482509,Icebox,paTiTek,TL,Kayo,0,0,0,0,0,0,0,0,0,36,2,0
482509,Icebox,nAts,TL,Viper,3,0,0,0,0,0,0,0,0,41,2,0
482509,Icebox,Keiko,TL,Jett,1,3,0,0,0,0,1,0,0,73,0,0
482509,Icebox,kamo,TL,Gekko,0,3,1,0,0,0,0,0,0,49,6,1
482509,Icebox,Serial,TL,Killjoy,3,0,0,0,0,1,0,0,0,45,1,0
482509,Icebox,ANGE1,NAVI,Tejo,2,1,0,0,0,2,0,0,0,45,3,2
482509,Icebox,Shao,NAVI,Gekko,1,0,0,0,0,0,0,0,0,45,6,1
482509,Icebox,koalanoob,NAVI,Omen,3,1,0,0,0,0,0,0,0,44,0,0
482509,Icebox,Ruxic,NAVI,Viper,3,1,0,0,0,0,0,0,0,58,0,1
482509,Icebox,hiro,NAVI,Killjoy,4,2,1,0,0,0,0,0,0,82,0,0
482509,Split,paTiTek,TL,Fade,1,2,0,0,0,1,0,0,0,58,6,1
482509,Split,nAts,TL,Viper,3,3,0,0,1,0,0,0,0,67,0,1
482509,Split,Keiko,TL,Raze,2,0,1,0,0,0,0,0,0,82,1,0
482509,Split,kamo,TL,Yoru,1,0,0,0,0,0,0,0,0,36,2,0
482509,Split,Serial,TL,Astra,2,1,0,0,0,1,0,0,0,70,0,0
482509,Split,ANGE1,NAVI,Fade,1,0,0,0,0,0,0,0,0,30,1,0
482509,Split,Shao,NAVI,Astra,3,1,0,0,0,0,0,0,0,61,1,0
482509,Split,koalanoob,NAVI,Raze,1,0,0,0,0,0,0,0,0,44,0,0
482509,Split,Ruxic,NAVI,Omen,5,0,0,0,0,0,0,0,0,55,1,1
482509,Split,hiro,NAVI,Vyse,3,0,0,0,0,0,0,0,0,53,0,0
482509,Ascent,paTiTek,TL,Tejo,7,0,0,0,0,0,0,0,0,72,2,0
482509,Ascent,nAts,TL,Cypher,3,0,0,0,0,0,0,0,0,35,0,0
482509,Ascent,Keiko,TL,Omen,3,3,0,0,0,0,0,0,0,79,1,0
482509,Ascent,kamo,TL,Jett,4,1,0,0,0,0,0,0,0,58,0,1
482509,Ascent,Serial,TL,Deadlock,3,2,0,0,0,0,1,0,0,59,5,0
482509,Ascent,ANGE1,NAVI,Deadlock,1,1,0,0,2,0,0,0,0,47,1,1
482509,Ascent,Shao,NAVI,Tejo,3,2,0,0,1,1,0,0,0,82,1,1
482509,Ascent,koalanoob,NAVI,Yoru,1,1,0,0,0,0,0,0,0,42,0,0
482509,Ascent,Ruxic,NAVI,Omen,1,1,0,0,0,0,0,0,0,35,0,0
482509,Ascent,hiro,NAVI,Cypher,4,0,1,0,0,0,0,0,0,48,0,0
482515,Fracture,Boo,TH,Brimstone,1,1,0,0,0,0,0,0,0,54,3,0
482515,Fracture,RieNs,TH,Breach,3,1,0,0,0,1,0,0,0,61,1,0
482515,Fracture,MiniBoo,TH,Neon,2,1,0,0,0,0,0,0,0,39,0,0
482515,Fracture,Wo0t,TH,Tejo,2,0,0,0,0,0,0,0,0,40,0,0
482515,Fracture,benjyfishy,TH,Cypher,3,0,0,0,0,0,0,0,0,41,1,0
482515,Fracture,crashies,FNC,Tejo,2,0,0,0,1,0,0,0,0,39,1,0
482515,Fracture,Boaster,FNC,Brimstone,3,1,0,0,1,0,0,0,0,59,1,0
482515,Fracture,Chronicle,FNC,Breach,3,0,0,0,0,0,0,0,0,67,4,2
482515,Fracture,kaajak,FNC,Neon,4,1,0,0,0,0,0,0,0,78,0,0
482515,Fracture,Alfajer,FNC,Cypher,5,2,0,0,0,0,0,0,0,59,0,0
482515,Icebox,Boo,TH,Viper,2,1,0,0,0,0,0,0,0,50,0,0
482515,Icebox,RieNs,TH,Sova,6,0,0,0,0,1,0,0,0,56,1,1
482515,Icebox,MiniBoo,TH,Neon,2,0,0,0,0,0,0,0,0,43,0,0
482515,Icebox,Wo0t,TH,Gekko,3,0,0,0,1,1,0,0,0,42,8,0
482515,Icebox,benjyfishy,TH,Killjoy,2,1,0,0,0,0,0,0,0,52,2,1
482515,Icebox,crashies,FNC,Tejo,5,0,0,0,0,0,0,0,0,67,0,2
482515,Icebox,Boaster,FNC,Viper,6,0,0,0,1,0,0,0,0,61,0,1
482515,Icebox,Chronicle,FNC,Gekko,3,0,0,0,0,0,0,0,0,47,6,1
482515,Icebox,kaajak,FNC,Sage,5,0,0,0,0,0,0,0,0,62,0,0
482515,Icebox,Alfajer,FNC,Killjoy,6,0,0,0,0,0,0,0,0,68,2,2
482511,Haven,paTiTek,TL,Tejo,1,1,0,0,1,0,0,0,0,59,2,1
482511,Haven,nAts,TL,Cypher,4,3,0,0,0,0,0,0,0,64,1,0
482511,Haven,Keiko,TL,Omen,2,0,0,0,0,0,0,0,0,36,0,0
482511,Haven,kamo,TL,Yoru,3,1,0,1,0,0,0,0,0,55,1,1
482511,Haven,Serial,TL,Deadlock,5,0,0,0,0,0,0,0,0,41,6,1
482511,Haven,MAGNUM,BBL,Cypher,4,0,0,0,1,0,0,0,0,54,1,1
482511,Haven,PROFEK,BBL,Omen,2,1,0,0,0,0,0,0,0,54,0,0
482511,Haven,sociablEE,BBL,Yoru,4,1,0,0,0,0,0,0,0,44,1,0
482511,Haven,Jamppi,BBL,Sova,2,1,0,0,0,0,0,0,0,59,6,0
482511,Haven,LewN,BBL,Iso,3,2,0,0,1,0,0,0,0,76,3,0
482511,Split,paTiTek,TL,Fade,1,2,0,0,0,0,0,0,0,56,0,0
482511,Split,nAts,TL,Viper,1,3,0,0,0,0,0,0,0,81,0,1
482511,Split,Keiko,TL,Raze,1,0,0,0,0,0,0,0,0,34,0,0
482511,Split,kamo,TL,Yoru,3,0,0,0,0,0,0,0,0,47,0,0
482511,Split,Serial,TL,Astra,1,0,0,0,0,1,0,0,0,45,1,1
482511,Split,MAGNUM,BBL,Deadlock,2,0,0,0,0,1,0,0,0,40,0,0
482511,Split,PROFEK,BBL,Omen,2,1,0,0,0,0,0,0,0,44,0,0
482511,Split,sociablEE,BBL,Sage,4,1,1,0,0,0,0,0,0,71,0,0
482511,Split,Jamppi,BBL,Breach,3,3,0,0,0,0,0,0,0,52,5,0
482511,Split,LewN,BBL,Raze,1,2,0,0,0,0,0,0,0,41,0,0
482511,Fracture,paTiTek,TL,Breach,1,1,0,0,0,0,0,0,0,46,4,0
482511,Fracture,nAts,TL,Vyse,2,1,0,0,0,0,0,0,0,48,0,0
482511,Fracture,Keiko,TL,Brimstone,7,0,0,0,0,0,0,0,0,74,1,0
482511,Fracture,kamo,TL,Neon,2,0,0,1,0,0,0,0,0,50,1,0
482511,Fracture,Serial,TL,Tejo,3,0,1,0,1,0,0,0,0,60,4,2
482511,Fracture,MAGNUM,BBL,Cypher,2,1,0,0,0,0,0,0,0,48,0,0
482511,Fracture,PROFEK,BBL,Brimstone,3,3,0,0,0,0,0,0,0,63,0,1
482511,Fracture,sociablEE,BBL,Tejo,1,1,0,0,0,1,0,0,0,37,0,0
482511,Fracture,Jamppi,BBL,Breach,0,0,0,0,0,0,0,0,0,31,7,0
482511,Fracture,LewN,BBL,Jett,1,1,0,0,0,0,0,0,0,34,0,0
482512,Haven,Boo,TH,Omen,1,3,0,0,0,0,0,0,0,72,2,0
482512,Haven,RieNs,TH,Sova,1,0,0,0,0,0,0,0,0,36,4,0
482512,Haven,MiniBoo,TH,Yoru,1,2,1,0,0,0,0,1,0,69,0,1
482512,Haven,Wo0t,TH,Iso,1,0,0,0,0,0,0,0,0,50,2,0
482512,Haven,benjyfishy,TH,Cypher,0,4,1,0,3,0,0,0,0,112,2,1
482512,Haven,paTiTek,TL,Tejo,2,0,0,0,0,0,0,0,0,54,0,0
482512,Haven,nAts,TL,Cypher,5,0,0,0,0,0,0,0,0,50,1,0
482512,Haven,Keiko,TL,Omen,0,1,0,0,1,0,0,0,0,42,0,0
482512,Haven,kamo,TL,Yoru,1,1,0,0,0,0,0,0,0,38,0,1
482512,Haven,Serial,TL,Deadlock,2,0,0,0,0,0,0,0,0,34,2,0
482512,Ascent,Boo,TH,Omen,0,0,0,0,0,0,0,0,0,41,1,0
482512,Ascent,RieNs,TH,Sova,2,4,1,1,0,0,0,0,0,79,4,0
482512,Ascent,MiniBoo,TH,Yoru,6,1,0,0,0,0,1,0,0,56,1,0
482512,Ascent,Wo0t,TH,Jett,5,0,1,0,0,0,0,0,0,79,1,1
482512,Ascent,benjyfishy,TH,Cypher,2,2,0,0,1,0,0,0,0,55,0,1
482512,Ascent,paTiTek,TL,Tejo,4,0,0,0,0,1,0,0,0,45,2,0
482512,Ascent,nAts,TL,Cypher,2,1,0,0,0,0,0,0,0,37,0,0
482512,Ascent,Keiko,TL,Omen,2,0,0,0,1,0,0,0,0,31,0,0
482512,Ascent,kamo,TL,Jett,5,0,0,0,1,0,0,0,0,50,0,0
482512,Ascent,Serial,TL,Deadlock,2,1,1,0,0,0,0,0,0,58,7,1
482512,Icebox,Boo,TH,Viper,2,1,0,0,0,0,0,0,0,45,1,0
482512,Icebox,RieNs,TH,Sova,1,1,0,0,0,0,0,0,0,67,1,0
482512,Icebox,MiniBoo,TH,Neon,1,0,1,0,0,0,0,0,0,58,0,0
482512,Icebox,Wo0t,TH,Gekko,6,2,0,1,2,0,0,0,0,111,7,2
482512,Icebox,benjyfishy,TH,Killjoy,1,0,0,0,0,0,0,0,0,50,2,0
482512,Icebox,paTiTek,TL,Kayo,1,1,0,0,0,0,0,0,0,43,0,0
482512,Icebox,nAts,TL,Viper,0,0,0,0,0,0,0,0,0,20,0,0
482512,Icebox,Keiko,TL,Jett,3,0,0,0,0,0,0,0,0,55,0,0
482512,Icebox,kamo,TL,Gekko,0,0,0,0,0,0,0,0,0,24,2,1
482512,Icebox,Serial,TL,Killjoy,2,1,0,0,0,1,0,0,0,82,0,1
482513,Split,crashies,FNC,Fade,2,0,0,0,0,0,0,0,0,27,4,0
482513,Split,Boaster,FNC,Astra,0,0,0,0,0,0,0,0,0,30,0,0
482513,Split,Chronicle,FNC,Viper,4,1,0,0,0,0,0,0,0,89,0,0
482513,Split,kaajak,FNC,Yoru,7,2,1,0,0,0,0,0,0,112,4,1
482513,Split,Alfajer,FNC,Raze,1,2,0,0,0,0,0,0,0,47,1,0
482513,Split,Boo,TH,Omen,0,0,0,0,0,0,0,0,0,18,0,0
482513,Split,RieNs,TH,Fade,2,0,1,0,0,0,0,0,0,53,2,1
482513,Split,MiniBoo,TH,Yoru,2,0,0,0,0,0,0,0,0,40,0,0
482513,Split,Wo0t,TH,Raze,2,1,0,0,0,0,0,0,0,64,0,0
482513,Split,benjyfishy,TH,Viper,1,0,0,0,0,0,0,0,0,43,0,0
482513,Icebox,crashies,FNC,Tejo,2,1,0,0,0,0,0,0,0,50,0,1
482513,Icebox,Boaster,FNC,Viper,1,3,0,0,0,0,0,0,0,64,2,1
482513,Icebox,Chronicle,FNC,Gekko,3,0,0,0,0,0,0,0,0,61,2,2
482513,Icebox,kaajak,FNC,Sage,3,1,0,0,0,0,0,0,0,68,1,1
482513,Icebox,Alfajer,FNC,Killjoy,3,1,0,0,1,0,0,0,0,54,0,1
482513,Icebox,Boo,TH,Viper,1,0,0,0,0,0,0,0,0,39,3,0
482513,Icebox,RieNs,TH,Sova,0,0,0,0,0,0,0,0,0,32,0,0
482513,Icebox,MiniBoo,TH,Neon,2,3,1,0,0,1,0,0,0,58,0,0
482513,Icebox,Wo0t,TH,Gekko,3,0,0,0,0,0,0,0,0,43,3,1
482513,Icebox,benjyfishy,TH,Killjoy,5,0,0,0,2,0,0,0,0,67,2,1
482513,Fracture,crashies,FNC,Tejo,3,0,0,0,0,0,0,0,0,43,1,1
482513,Fracture,Boaster,FNC,Brimstone,0,2,0,0,0,0,0,0,0,49,4,0
482513,Fracture,Chronicle,FNC,Breach,0,1,0,0,1,0,0,0,0,38,2,0
482513,Fracture,kaajak,FNC,Neon,8,2,0,0,0,0,0,0,0,72,0,0
482513,Fracture,Alfajer,FNC,Cypher,5,1,0,0,1,1,0,0,0,39,0,1
482513,Fracture,Boo,TH,Brimstone,3,1,0,0,0,0,0,0,0,32,3,1
482513,Fracture,RieNs,TH,Fade,5,0,0,0,0,0,0,0,0,43,2,0
482513,Fracture,MiniBoo,TH,Yoru,4,1,0,0,0,1,0,0,0,34,0,0
482513,Fracture,Wo0t,TH,Raze,6,1,0,0,0,0,0,0,0,55,0,0
482513,Fracture,benjyfishy,TH,Cypher,3,1,0,0,0,0,0,0,0,44,1,0
